rmse_rad,failure_penalized_rmse_rad,itae,peak_error_rad,torque_rms,torque_smoothness,safety_violation_rate,residual_gate_mean,completed,duration_s,return,scenario,controller,model_seed,replicate_seed,eval_episode
0.007041378744567351,0.007041378744567351,0.012556424818965718,0.04405094876795838,16.15218310525313,5.853079787463447,0.0,1.0,1.0,6.0,-325.47112725621975,nominal,Adaptive computed torque,-1,0,0
0.0038940875148746946,0.0038940875148746946,0.01169692334687937,0.025528565216434297,16.144949145002403,5.265126075905047,0.0,1.0,1.0,6.0,-324.72280326601754,nominal,Adaptive computed torque,-1,0,1
0.007387744352804915,0.007387744352804915,0.012736692223971374,0.04538200789467301,16.133633613607383,5.267756342668488,0.0,1.0,1.0,6.0,-324.24843407034024,nominal,Adaptive computed torque,-1,0,2
0.005880257358014332,0.005880257358014332,0.012304026946566474,0.03588648057491062,16.127384300853524,5.237471364605529,0.0,1.0,1.0,6.0,-323.78652235565517,nominal,Adaptive computed torque,-1,0,3
0.009782919556841211,0.009782919556841211,0.013400746454810767,0.06098342658585899,16.139442995805712,5.277105848968357,0.0,1.0,1.0,6.0,-327.25911246540414,nominal,Adaptive computed torque,-1,1,0
0.007656758629979566,0.007656758629979566,0.012288142455100785,0.048984836231550574,16.152370997588616,7.133249511169546,0.0,1.0,1.0,6.0,-326.22034652775346,nominal,Adaptive computed torque,-1,1,1
0.007504085804494198,0.007504085804494198,0.01284816116602453,0.043554233426145374,16.143208388120364,5.410620847940881,0.0,1.0,1.0,6.0,-324.81812613945306,nominal,Adaptive computed torque,-1,1,2
0.00868805592154022,0.00868805592154022,0.012914890378344271,0.0564343782288078,16.13726715416245,5.394950042368407,0.0,1.0,1.0,6.0,-326.2392784000445,nominal,Adaptive computed torque,-1,1,3
0.008487255188965287,0.008487255188965287,0.012859260735814712,0.05503050742438225,16.136973760134836,5.396936844749936,0.0,1.0,1.0,6.0,-326.2083699055876,nominal,Adaptive computed torque,-1,2,0
0.008547285222349661,0.008547285222349661,0.012870507439439734,0.054962933726735025,16.13131594973591,5.379904985881669,0.0,1.0,1.0,6.0,-325.88906609520757,nominal,Adaptive computed torque,-1,2,1
0.012326993854740108,0.012326993854740108,0.014000116234666916,0.07966332656206988,16.135723145554337,5.27976521156306,0.0,1.0,1.0,6.0,-328.81216063124157,nominal,Adaptive computed torque,-1,2,2
0.007300619151142423,0.007300619151142423,0.012536474745371555,0.04763877266034019,16.136605048771834,5.3382881592348275,0.0,1.0,1.0,6.0,-324.50522117296384,nominal,Adaptive computed torque,-1,2,3
0.00722719181300617,0.00722719181300617,0.012512710328233628,0.04541816300746392,16.13651272356281,5.994484159825758,0.0,1.0,1.0,6.0,-324.58162802452193,nominal,Adaptive computed torque,-1,3,0
0.00918758263617498,0.00918758263617498,0.013157266949011355,0.05942806931293266,16.130068357516958,5.196612220625161,0.0,1.0,1.0,6.0,-326.1392818586313,nominal,Adaptive computed torque,-1,3,1
0.01033056856916074,0.01033056856916074,0.013459367677134812,0.06716877724902855,16.140099332353913,5.265403208488307,0.0,1.0,1.0,6.0,-327.85375766282704,nominal,Adaptive computed torque,-1,3,2
0.008023841015122964,0.008023841015122964,0.012359734278937471,0.05188379880288273,16.14960856290329,7.1811387278403265,0.0,1.0,1.0,6.0,-327.12113573520196,nominal,Adaptive computed torque,-1,3,3
0.00713035050834967,0.00713035050834967,0.012734568021865879,0.043298542915890956,16.149377198191324,5.415562852641258,0.0,1.0,1.0,6.0,-325.2202973320114,nominal,Adaptive computed torque,-1,4,0
0.0036271639080482283,0.0036271639080482283,0.011712027425992857,0.02027628857575047,16.13910104845777,5.669453184552754,0.0,1.0,1.0,6.0,-324.46453509855615,nominal,Adaptive computed torque,-1,4,1
0.006600745242688096,0.006600745242688096,0.012524767670937926,0.040717238302400344,16.131289880891607,5.198388911161549,0.0,1.0,1.0,6.0,-324.0171529821975,nominal,Adaptive computed torque,-1,4,2
0.006714500775847673,0.006714500775847673,0.012211769332601324,0.04350092529894568,16.138192059460664,6.38435987213796,0.0,1.0,1.0,6.0,-324.8343708520648,nominal,Adaptive computed torque,-1,4,3
0.007041884677756975,0.007041884677756975,0.012874763967173148,0.04405094876795838,16.152034631104357,5.853183673985971,0.0,1.0,1.0,6.0,-325.4627481286949,nominal,Computed torque,-1,0,0
0.0038950022908671184,0.0038950022908671184,0.01201530236056875,0.025528565216434297,16.14480065143154,5.265230012747124,0.0,1.0,1.0,6.0,-324.71442293856194,nominal,Computed torque,-1,0,1
0.007388226591768592,0.007388226591768592,0.013055046198320258,0.04538200789467301,16.133485133444417,5.26786023648041,0.0,1.0,1.0,6.0,-324.2400545898611,nominal,Computed torque,-1,0,2
0.005880863198006577,0.005880863198006577,0.012622383798523013,0.03588648057491062,16.12723581879658,5.237575272234696,0.0,1.0,1.0,6.0,-323.77814272092957,nominal,Computed torque,-1,0,3
0.00978328372856447,0.00978328372856447,0.013719073468798837,0.06098342658585899,16.139294528940226,5.277209713997859,0.0,1.0,1.0,6.0,-327.25073377251846,nominal,Computed torque,-1,1,0
0.007657223903925668,0.007657223903925668,0.012606536460031308,0.048984836231550574,16.152222495498098,7.133353458571809,0.0,1.0,1.0,6.0,-326.21196576407095,nominal,Computed torque,-1,1,1
0.007504560589766899,0.007504560589766899,0.013166532320045695,0.043554233426145374,16.1430598997063,5.410724738822739,0.0,1.0,1.0,6.0,-324.8097462789291,nominal,Computed torque,-1,1,2
0.008688465962364961,0.008688465962364961,0.013233228495488698,0.0564343782288078,16.13711868103123,5.395053944226945,0.0,1.0,1.0,6.0,-326.23089922609836,nominal,Computed torque,-1,1,3
0.008487674915029449,0.008487674915029449,0.01317760708583686,0.05503050742438225,16.136825282257828,5.397040770746481,0.0,1.0,1.0,6.0,-326.1999903910161,nominal,Computed torque,-1,2,0
0.008547702014777643,0.008547702014777643,0.013188870018508393,0.054962933726735025,16.131167464309467,5.3800089193090725,0.0,1.0,1.0,6.0,-325.88068617245887,nominal,Computed torque,-1,2,1
0.012327282866386706,0.012327282866386706,0.014318574119740756,0.07966332656206988,16.13557461285367,5.279869241417151,0.0,1.0,1.0,6.0,-328.803777953102,nominal,Computed torque,-1,2,2
0.007301107129534555,0.007301107129534555,0.012854859946762762,0.04763877266034019,16.136456552489634,5.338392104475393,0.0,1.0,1.0,6.0,-324.4968406642462,nominal,Computed torque,-1,2,3
0.007227684753107945,0.007227684753107945,0.012831066285577241,0.04541816300746392,16.136364241413393,5.9945880557658535,0.0,1.0,1.0,6.0,-324.57324846097515,nominal,Computed torque,-1,3,0
0.009187970402753105,0.009187970402753105,0.013475715413189315,0.05942806931293266,16.12991982950579,5.1967162341719435,0.0,1.0,1.0,6.0,-326.13089948942303,nominal,Computed torque,-1,3,1
0.010330913404333043,0.010330913404333043,0.013777650611127295,0.06716877724902855,16.139950886046027,5.265507053779176,0.0,1.0,1.0,6.0,-327.84538007832697,nominal,Computed torque,-1,3,2
0.008024284982802396,0.008024284982802396,0.012678114098785954,0.05188379880288273,16.14946006710911,7.18124267615946,0.0,1.0,1.0,6.0,-327.1127552812698,nominal,Computed torque,-1,3,3
0.007130850100618103,0.007130850100618103,0.013052973354048194,0.043298542915890956,16.149228690084655,5.415666844228213,0.0,1.0,1.0,6.0,-325.21191605531646,nominal,Computed torque,-1,4,0
0.003628146037971135,0.003628146037971135,0.012030417313259826,0.02027628857575047,16.138952550005726,5.669557109359416,0.0,1.0,1.0,6.0,-324.4561545947738,nominal,Computed torque,-1,4,1
0.0066012849306431925,0.0066012849306431925,0.012843169375801301,0.040717238302400344,16.131141375278602,5.198492891424533,0.0,1.0,1.0,6.0,-324.00877186963453,nominal,Computed torque,-1,4,2
0.006715031341025271,0.006715031341025271,0.012530134704920618,0.04350092529894568,16.138043572104507,6.384463785581782,0.0,1.0,1.0,6.0,-324.8259909586562,nominal,Computed torque,-1,4,3
0.027697535785816012,0.027697535785816012,0.31949093089714586,0.05476378165587417,16.010635954468384,35.072167920807246,0.0,1.0,1.0,6.0,129.7711920301278,nominal,Fuzzy,-1,0,0
0.026670082932799488,0.026670082932799488,0.31593172676182957,0.05385986643197076,16.002213162021096,35.650426668733274,0.0,1.0,1.0,6.0,133.0096587203922,nominal,Fuzzy,-1,0,1
0.02834561577618173,0.02834561577618173,0.3196486655493483,0.05388623330941677,15.98399457818737,34.73102282573766,0.0,1.0,1.0,6.0,132.7371742653966,nominal,Fuzzy,-1,0,2
0.02822974649151573,0.02822974649151573,0.3206140158665146,0.054187739524208786,15.975313141216441,34.77866406886038,0.0,1.0,1.0,6.0,132.27099891555162,nominal,Fuzzy,-1,0,3
0.028702207374900788,0.028702207374900788,0.3186231639730416,0.05913766873984997,15.993642632703814,34.25231571473985,0.0,1.0,1.0,6.0,131.1442120152676,nominal,Fuzzy,-1,1,0
0.030298235357968134,0.030298235357968134,0.32735694327174447,0.05748052474230601,16.00334887296649,33.96336747323899,0.0,1.0,1.0,6.0,122.27305722682779,nominal,Fuzzy,-1,1,1
0.027065447971458857,0.027065447971458857,0.31677438756818094,0.05386294371476116,16.003961706945812,35.66680173374768,0.0,1.0,1.0,6.0,132.38459787583386,nominal,Fuzzy,-1,1,2
0.02940315372715117,0.02940315372715117,0.32047870459195027,0.05722480942375218,15.984162411491216,33.807814125696396,0.0,1.0,1.0,6.0,128.56472256039865,nominal,Fuzzy,-1,1,3
0.029100951089934088,0.029100951089934088,0.32003926462794896,0.055384472704520134,15.984543682664226,35.651858516366715,0.0,1.0,1.0,6.0,129.09525702856493,nominal,Fuzzy,-1,2,0
0.029486392881841517,0.029486392881841517,0.32159756749042917,0.055176110170184596,15.975851865590151,35.07150794490392,0.0,1.0,1.0,6.0,128.03996305077052,nominal,Fuzzy,-1,2,1
0.029687448320515744,0.029687448320515744,0.3222991409207422,0.07529661721055773,15.981749052937614,33.21541698685981,0.0,1.0,1.0,6.0,126.35024055465938,nominal,Fuzzy,-1,2,2
0.02859685952188067,0.02859685952188067,0.32041226385516536,0.05428798366713475,15.984086669457447,34.79271373451267,0.0,1.0,1.0,6.0,131.69542529680828,nominal,Fuzzy,-1,2,3
0.02816705059972863,0.02816705059972863,0.3213238315169243,0.05510709092383226,15.991045235153846,35.865115187958075,0.0,1.0,1.0,6.0,128.66562593098135,nominal,Fuzzy,-1,3,0
0.028302153147298552,0.028302153147298552,0.3206691748342449,0.05574465643330065,15.979410062151164,33.40662375764444,0.0,1.0,1.0,6.0,129.15626910749114,nominal,Fuzzy,-1,3,1
0.02892657721455821,0.02892657721455821,0.31829843988218154,0.06595500504029442,15.996013356072277,34.1132348096791,0.0,1.0,1.0,6.0,131.08203801862126,nominal,Fuzzy,-1,3,2
0.030604010761050824,0.030604010761050824,0.3280855663712203,0.05764835280109603,15.999343705326215,33.89215093819644,0.0,1.0,1.0,6.0,119.70690165335851,nominal,Fuzzy,-1,3,3
0.026558063235576967,0.026558063235576967,0.3144365272495129,0.05393356866309762,16.011511290375832,33.753325319508185,0.0,1.0,1.0,6.0,132.47587415452267,nominal,Fuzzy,-1,4,0
0.02681857963338573,0.02681857963338573,0.3173187390963006,0.05446090584894688,15.997207429060811,36.12832633130816,0.0,1.0,1.0,6.0,131.44228913606077,nominal,Fuzzy,-1,4,1
0.027493650564534396,0.027493650564534396,0.3190454751128013,0.054498005509209066,15.982299383405316,34.34880555580772,0.0,1.0,1.0,6.0,131.34154828008138,nominal,Fuzzy,-1,4,2
0.028734669409772134,0.028734669409772134,0.32327641259073714,0.0558787901404763,15.990866963605006,36.18645231095811,0.0,1.0,1.0,6.0,127.0467696576588,nominal,Fuzzy,-1,4,3
0.03922976567194542,0.03922976567194542,0.575663034332459,0.0762813350800126,21.519551345831964,1162.5233894728528,0.0,1.0,1.0,6.0,-1324.4260025774881,nominal,PID,-1,0,0
0.03818474354825237,0.03818474354825237,0.5662412965482009,0.07822573416394883,21.1113567268499,1088.5589786709406,0.0,1.0,1.0,6.0,-1255.210270625253,nominal,PID,-1,0,1
0.039060143937120616,0.039060143937120616,0.5718194521433392,0.07721188034467419,21.310674640390324,1126.8032269950547,0.0,1.0,1.0,6.0,-1291.677346796287,nominal,PID,-1,0,2
0.03847618782902233,0.03847618782902233,0.5663453303329415,0.07842604417884438,21.087429144072058,1087.3784322014508,0.0,1.0,1.0,6.0,-1252.8608410139932,nominal,PID,-1,0,3
0.039509831726108904,0.039509831726108904,0.573702809480603,0.07685574155376132,21.41304434437631,1144.7526140113894,0.0,1.0,1.0,6.0,-1309.3906196337614,nominal,PID,-1,1,0
0.039855505079645484,0.039855505079645484,0.5762289797186619,0.07643571878091873,21.420142700003545,1145.2518837916423,0.0,1.0,1.0,6.0,-1309.6028246779392,nominal,PID,-1,1,1
0.039207285653061016,0.039207285653061016,0.5756659282714882,0.0762490634385291,21.543419491600595,1168.316651441591,0.0,1.0,1.0,6.0,-1329.3315685193504,nominal,PID,-1,1,2
0.03550029426231116,0.03550029426231116,0.5128821846634182,0.07963087434974937,19.98826840863719,870.000569804248,0.0,1.0,1.0,6.0,-1050.626813588897,nominal,PID,-1,1,3
0.03965655290563039,0.03965655290563039,0.5747810562779452,0.0764790128512614,21.44819116741526,1150.4532381713236,0.0,1.0,1.0,6.0,-1316.5253734690614,nominal,PID,-1,2,0
0.039740048108918666,0.039740048108918666,0.5745714597872771,0.07653563727095489,21.47485978002965,1156.7415068164762,0.0,1.0,1.0,6.0,-1321.1148679802247,nominal,PID,-1,2,1
0.041646177339948715,0.041646177339948715,0.5896673188222573,0.07545823293265028,22.59084706063355,1357.2177172585466,0.0,1.0,1.0,6.0,-1505.6734192581473,nominal,PID,-1,2,2
0.03942627933639344,0.03942627933639344,0.5746472506445831,0.07640610504974336,21.491939231767955,1158.8573081026293,0.0,1.0,1.0,6.0,-1321.8450552943652,nominal,PID,-1,2,3
0.039385347864146235,0.039385347864146235,0.5762636885057479,0.0762207756131044,21.529266129302894,1167.4517414090876,0.0,1.0,1.0,6.0,-1328.1248472421048,nominal,PID,-1,3,0
0.040835959753230976,0.040835959753230976,0.5882179670911207,0.0744913298450007,22.38635169616472,1320.1951979630069,0.0,1.0,1.0,6.0,-1471.7351441425205,nominal,PID,-1,3,1
0.03956505407647072,0.03956505407647072,0.5731321027120668,0.07703810811545822,21.37647841590234,1138.1442829129128,0.0,1.0,1.0,6.0,-1303.9693114284896,nominal,PID,-1,3,2
0.03965582129923673,0.03965582129923673,0.5727437095681812,0.07731115934493285,21.239087407939188,1113.3953093057823,0.0,1.0,1.0,6.0,-1279.8984690317873,nominal,PID,-1,3,3
0.04024054468370451,0.04024054468370451,0.5859567263723752,0.07438651510170857,22.213857276940765,1284.7678829325687,0.0,1.0,1.0,6.0,-1442.243430624985,nominal,PID,-1,4,0
0.038818676719348646,0.038818676719348646,0.5737533472131977,0.07663946761835891,21.42708009674611,1148.1064167802786,0.0,1.0,1.0,6.0,-1310.2520412977758,nominal,PID,-1,4,1
0.040023146773981916,0.040023146773981916,0.5845303252324943,0.07455402751555597,22.09022978732242,1265.2867156277505,0.0,1.0,1.0,6.0,-1423.5777698235454,nominal,PID,-1,4,2
0.03949345135414184,0.03949345135414184,0.576610622163633,0.07620198477366837,21.507024240370228,1163.1981333243136,0.0,1.0,1.0,6.0,-1324.3025756655634,nominal,PID,-1,4,3
0.1259406131300415,0.1259406131300415,1.970011300016122,0.18808658142391532,28.564447467845323,2348.65616603377,0.0,1.0,1.0,6.0,-2552.947833470494,nominal,Robust PID / SMC,-1,0,0
0.12664321103789747,0.12664321103789747,1.9743296294276633,0.18855122458312887,28.51482044750641,2337.7944419803853,0.0,1.0,1.0,6.0,-2545.462118579409,nominal,Robust PID / SMC,-1,0,1
0.1268860234097299,0.1268860234097299,1.9766309863301759,0.18891904933141246,28.530524678417738,2344.207060711056,0.0,1.0,1.0,6.0,-2548.687350078267,nominal,Robust PID / SMC,-1,0,2
0.1267201517501429,0.1267201517501429,1.9759982439155899,0.18894977996779147,28.520927353645106,2343.081235163397,0.0,1.0,1.0,6.0,-2546.9393342094013,nominal,Robust PID / SMC,-1,0,3
0.12693000533523963,0.12693000533523963,1.9770042303497009,0.18892584315587868,28.538217424536604,2345.0872872118875,0.0,1.0,1.0,6.0,-2549.0893163102087,nominal,Robust PID / SMC,-1,1,0
0.12535652436744552,0.12535652436744552,1.9647054242551194,0.18764862988995273,28.565677664455137,2347.405090799888,0.0,1.0,1.0,6.0,-2555.3773873748237,nominal,Robust PID / SMC,-1,1,1
0.12608551464364584,0.12608551464364584,1.9713745639549418,0.18829844224537465,28.564254689905603,2349.2199942692805,0.0,1.0,1.0,6.0,-2552.0406597898254,nominal,Robust PID / SMC,-1,1,2
0.12751323895619013,0.12751323895619013,1.9795780394999412,0.1891637180820034,28.482300809405604,2335.4471174540854,0.0,1.0,1.0,6.0,-2543.9655099424117,nominal,Robust PID / SMC,-1,1,3
0.12764141247925545,0.12764141247925545,1.9794925240203654,0.18907003431297273,28.542680222658905,2343.0472799532004,0.0,1.0,1.0,6.0,-2554.9082182449333,nominal,Robust PID / SMC,-1,2,0
0.12761991887634513,0.12761991887634513,1.9792992822586135,0.18905811295023886,28.533591566196893,2342.169266672325,0.0,1.0,1.0,6.0,-2554.7154739094995,nominal,Robust PID / SMC,-1,2,1
0.12751268766342264,0.12751268766342264,1.974512303395526,0.18836951312233516,28.597946284353725,2351.1327117121673,0.0,1.0,1.0,6.0,-2565.814908198546,nominal,Robust PID / SMC,-1,2,2
0.12738367432646516,0.12738367432646516,1.977518933856739,0.1888141987323918,28.534287025665776,2341.7477803787697,0.0,1.0,1.0,6.0,-2552.578619134911,nominal,Robust PID / SMC,-1,2,3
0.12564378652421218,0.12564378652421218,1.9684297568041207,0.18804684587816778,28.56388954826786,2350.09288921801,0.0,1.0,1.0,6.0,-2553.3597762830186,nominal,Robust PID / SMC,-1,3,0
0.12684087809000494,0.12684087809000494,1.9722046345252404,0.18829931183540513,28.58420979984147,2350.217948819075,0.0,1.0,1.0,6.0,-2562.1947321555517,nominal,Robust PID / SMC,-1,3,1
0.126841166266935,0.126841166266935,1.9767719092513714,0.18893767079242876,28.533295339571087,2344.4814463816138,0.0,1.0,1.0,6.0,-2548.402506439473,nominal,Robust PID / SMC,-1,3,2
0.1251618379516886,0.1251618379516886,1.9647676534508105,0.18791032521411793,28.559703622238903,2344.7958964201134,0.0,1.0,1.0,6.0,-2553.7478734367137,nominal,Robust PID / SMC,-1,3,3
0.12651966438554882,0.12651966438554882,1.9705858632837372,0.18805080898537654,28.590816992819715,2349.593687959585,0.0,1.0,1.0,6.0,-2561.5027971601116,nominal,Robust PID / SMC,-1,4,0
0.1258529472766523,0.1258529472766523,1.969458830762895,0.18810350495763123,28.555482889343377,2348.163542307237,0.0,1.0,1.0,6.0,-2551.793132831034,nominal,Robust PID / SMC,-1,4,1
0.12664342846290552,0.12664342846290552,1.9726625354120861,0.1884280749953629,28.577019526965433,2349.1936143092457,0.0,1.0,1.0,6.0,-2559.85125584877,nominal,Robust PID / SMC,-1,4,2
0.1255000188088625,0.1255000188088625,1.9668094838065617,0.18786114037610482,28.562831944580612,2349.7194998301948,0.0,1.0,1.0,6.0,-2554.4536257217983,nominal,Robust PID / SMC,-1,4,3
0.0353411559947134,0.0353411559947134,0.47315828192860065,0.08287541142372895,19.67072922159583,1072.8838318842502,0.0,1.0,1.0,6.0,-149.66340229452086,nominal,Tuned fuzzy,-1,0,0
0.03577414104279419,0.03577414104279419,0.47540279210753766,0.08342001000302532,19.879905841704392,1138.420833171497,0.0,1.0,1.0,6.0,-165.86432547531425,nominal,Tuned fuzzy,-1,0,1
0.03635251772359206,0.03635251772359206,0.47648200815951935,0.0850079008150347,19.936966415022354,1163.8868287216426,0.0,1.0,1.0,6.0,-171.45524268840336,nominal,Tuned fuzzy,-1,0,2
0.03639195082062798,0.03639195082062798,0.47715240506149686,0.08524736919083553,19.935584149161976,1164.463254579546,0.0,1.0,1.0,6.0,-172.24015353622326,nominal,Tuned fuzzy,-1,0,3
0.03561805013368991,0.03561805013368991,0.47243444701214166,0.08330513385607918,19.55721076905596,1046.0557596684848,0.0,1.0,1.0,6.0,-144.24752804720882,nominal,Tuned fuzzy,-1,1,0
0.036996358620901296,0.036996358620901296,0.47943157776723017,0.07985654784986879,19.917786655310316,1149.3058388262032,0.0,1.0,1.0,6.0,-168.11457369622192,nominal,Tuned fuzzy,-1,1,1
0.03618885254589577,0.03618885254589577,0.4775863172203064,0.08253762827802777,19.911819856521834,1153.2879304381167,0.0,1.0,1.0,6.0,-169.12805262662394,nominal,Tuned fuzzy,-1,1,2
0.03640104844108057,0.03640104844108057,0.475254185761473,0.08261013404191037,19.620225961868904,1062.8637504351636,0.0,1.0,1.0,6.0,-151.8703695130753,nominal,Tuned fuzzy,-1,1,3
0.037260625995423076,0.037260625995423076,0.47743692489024425,0.08563630150091302,19.91952525772171,1156.277696111526,0.0,1.0,1.0,6.0,-171.88083427864063,nominal,Tuned fuzzy,-1,2,0
0.03769371932898088,0.03769371932898088,0.47905395667639405,0.08665549778448176,19.898237389979744,1151.7745725654468,0.0,1.0,1.0,6.0,-172.4510107905628,nominal,Tuned fuzzy,-1,2,1
0.03590717259214734,0.03590717259214734,0.4736571792527478,0.08234271518502942,19.566979311037883,1048.753553913952,0.0,1.0,1.0,6.0,-146.3508925035739,nominal,Tuned fuzzy,-1,2,2
0.03662004848107838,0.03662004848107838,0.4768937338935806,0.08424755543926218,19.845067242131087,1132.3285347823169,0.0,1.0,1.0,6.0,-165.1296672855913,nominal,Tuned fuzzy,-1,2,3
0.035738189483842595,0.035738189483842595,0.47540370136706633,0.08158907999844348,19.703472347197234,1086.9049638994575,0.0,1.0,1.0,6.0,-154.48084673647764,nominal,Tuned fuzzy,-1,3,0
0.03535797917745937,0.03535797917745937,0.47318836064834513,0.08298673102434767,19.603086136144153,1060.2951365488773,0.0,1.0,1.0,6.0,-147.3294012449019,nominal,Tuned fuzzy,-1,3,1
0.03630683185018747,0.03630683185018747,0.4737610173083586,0.08308501852632634,19.596797992882294,1056.6276187395315,0.0,1.0,1.0,6.0,-147.53064770141995,nominal,Tuned fuzzy,-1,3,2
0.03717926177378459,0.03717926177378459,0.4798865646329795,0.07763306977591772,19.913680635932515,1147.990413790584,0.0,1.0,1.0,6.0,-169.28098026822087,nominal,Tuned fuzzy,-1,3,3
0.03598937374908783,0.03598937374908783,0.476681928057075,0.08219865003692782,19.951641269986588,1159.3196661890504,0.0,1.0,1.0,6.0,-171.30136852027144,nominal,Tuned fuzzy,-1,4,0
0.03590789627153005,0.03590789627153005,0.4778837282813776,0.08055064020532537,19.948777772655266,1165.1559866692805,0.0,1.0,1.0,6.0,-171.6994828250938,nominal,Tuned fuzzy,-1,4,1
0.03600754301671754,0.03600754301671754,0.4762462133985358,0.08298435737470063,19.943137151136053,1162.1148019050581,0.0,1.0,1.0,6.0,-171.60201731579045,nominal,Tuned fuzzy,-1,4,2
0.036146814757928,0.036146814757928,0.4768707558110912,0.0806080016267058,19.802690284191,1117.797091900031,0.0,1.0,1.0,6.0,-161.31614140540427,nominal,Tuned fuzzy,-1,4,3
0.5849005648322941,1.8325032543932638,1.7980776079042031,2.456857295222876,15.085515385041672,55.32818540380455,0.10526315789473684,1.0,0.0,2.66,-1007.7345260372311,nominal,DDPG direct,0,0,0
0.5734540036490502,1.825948002396153,1.7567137928307734,2.448613422619574,14.89592949414785,54.13199650062065,0.1044776119402985,1.0,0.0,2.68,-980.732632632379,nominal,DDPG direct,0,0,1
0.5650915260782934,1.8247831012673772,1.7295067082628774,2.4177125447170016,14.802001703497183,52.313189427144465,0.1044776119402985,1.0,0.0,2.68,-961.8036034575932,nominal,DDPG direct,0,0,2
0.5647924373016617,1.8247417412054434,1.7287158004155883,2.417279750114723,14.788476213447384,52.88151853196409,0.1044776119402985,1.0,0.0,2.68,-961.1326155586224,nominal,DDPG direct,0,0,3
0.33765488688931616,0.33765488688931616,5.645737504569858,0.4987868091992991,13.461365316851692,21.1847970852833,0.0,1.0,1.0,6.0,-721.6397666600922,nominal,DDPG direct,1,1,0
0.3278223285788978,0.3278223285788978,5.586066329298301,0.48690529456378995,13.611988257443462,20.665418308455845,0.0,1.0,1.0,6.0,-709.8796201168573,nominal,DDPG direct,1,1,1
0.33368868337345786,0.33368868337345786,5.622327586249904,0.4940309668269084,13.520376328674288,20.691436264151168,0.0,1.0,1.0,6.0,-716.0596038975013,nominal,DDPG direct,1,1,2
0.3392884604048769,0.3392884604048769,5.654338729089844,0.5004756429621356,13.436217495043238,21.385731663415616,0.0,1.0,1.0,6.0,-723.4250045498126,nominal,DDPG direct,1,1,3
0.934787405147586,2.198096272604156,0.6702985881232133,2.403801678147289,11.476676213025568,70.6173120539379,0.38596491228070173,1.0,0.0,1.1400000000000001,-840.0533076126776,nominal,DDPG direct,2,2,0
0.981610941567766,2.1983376161356727,0.7269747744918238,2.5206908959714043,11.621548177773054,72.58792686044545,0.39655172413793105,1.0,0.0,1.1600000000000001,-922.1836501028966,nominal,DDPG direct,2,2,1
0.9829673839405031,2.216551314187736,0.6101142880218345,2.5020674235049163,11.25852321220863,78.49175503677678,0.39622641509433965,1.0,0.0,1.06,-873.37302523374,nominal,DDPG direct,2,2,2
0.9789463423168236,2.20537737715762,0.6766892772415086,2.5074047848085126,11.519620640952196,74.62092091754165,0.39285714285714285,1.0,0.0,1.12,-892.2779524379905,nominal,DDPG direct,2,2,3
0.7348725625911575,1.4209247011466373,6.406737786020462,2.4063217962096677,17.401843983382978,44.08128506060743,0.3023255813953488,1.0,0.0,4.3,-2089.7283596550715,nominal,DDPG direct,3,3,0
0.7353372350538732,1.4210969736910815,6.411152230117345,2.4063235165830723,17.400689999775828,41.34722892550984,0.3023255813953488,1.0,0.0,4.3,-2094.7827696281765,nominal,DDPG direct,3,3,1
0.730712676127529,1.4193863911757698,6.353529435828666,2.406293467687732,17.320944953907386,43.99916900844656,0.29767441860465116,1.0,0.0,4.3,-2070.281625447838,nominal,DDPG direct,3,3,2
0.7391926433380119,1.4225297176186784,6.453447213156347,2.406342530450456,17.484377096565396,42.88740582037951,0.30697674418604654,1.0,0.0,4.3,-2109.6175179680827,nominal,DDPG direct,3,3,3
0.977566003513655,2.194343092425243,0.7705431712821096,2.5238377686795728,15.927898379976599,95.3237348086368,0.559322033898305,1.0,0.0,1.18,-1037.6029479163576,nominal,DDPG direct,4,4,0
0.9747754214049846,2.194098934421099,0.7713467484742572,2.4903798741194527,16.088218657801956,92.84688822233628,0.5932203389830508,1.0,0.0,1.18,-1039.6952235598958,nominal,DDPG direct,4,4,1
0.9674598070991561,2.1934620505970215,0.7607466795232704,2.5147878141190616,15.755134319145654,94.96668194990913,0.5423728813559322,1.0,0.0,1.18,-1007.7691436729756,nominal,DDPG direct,4,4,2
0.989101530425635,2.195359490996049,0.7845910178450975,2.5017673294803364,16.219027828558982,92.90108130256532,0.6101694915254238,1.0,0.0,1.18,-1066.6812717398657,nominal,DDPG direct,4,4,3
0.023441708558523747,0.023441708558523747,0.29749838741606127,0.04153259789938586,16.035035509366395,32.89329471753396,0.0,0.021136884914153258,1.0,6.0,147.4956825710241,nominal,Eval-gated Fuzzy-TD3,0,0,0
0.022683097873688593,0.022683097873688593,0.29569656371507747,0.041370970136462126,16.02463685536051,33.247243888539245,0.0,0.019663175000248636,1.0,6.0,147.67537957120376,nominal,Eval-gated Fuzzy-TD3,0,0,1
0.024250871090540024,0.024250871090540024,0.29836375114474506,0.044190786998235844,16.00851133101513,32.21431222921994,0.0,0.022385096124870857,1.0,6.0,147.45604364434186,nominal,Eval-gated Fuzzy-TD3,0,0,2
0.024052920357597884,0.024052920357597884,0.29889169745553973,0.04124452944626029,16.000272273494176,32.25323421083476,0.0,0.021952071681620257,1.0,6.0,147.50079547040588,nominal,Eval-gated Fuzzy-TD3,0,0,3
0.024654083089523316,0.024654083089523316,0.2929031360342305,0.05857594305307749,16.020275726899715,31.79558377550511,0.0,0.02322773570577821,1.0,6.0,145.35369303111443,nominal,Eval-gated Fuzzy-TD3,1,1,0
0.026469170174300023,0.026469170174300023,0.3005932208659638,0.04937162365667298,16.024689498832632,30.689597015669907,0.0,0.02638312504755763,1.0,6.0,147.05911314435593,nominal,Eval-gated Fuzzy-TD3,1,1,1
0.023934803592621828,0.023934803592621828,0.2945339149279327,0.045522035232002704,16.021747824889434,32.76527312868533,0.0,0.021875386752927366,1.0,6.0,147.47343822513426,nominal,Eval-gated Fuzzy-TD3,1,1,2
0.024986312561339017,0.024986312561339017,0.29294726034102936,0.05698929190102065,16.014444104365126,31.247775424949634,0.0,0.023682777738878016,1.0,6.0,144.3418755878743,nominal,Eval-gated Fuzzy-TD3,1,1,3
0.02862882331367073,0.02862882331367073,0.32303059437026516,0.055433849394281476,15.98397759338622,34.194817101365906,0.0,0.03069050947443523,1.0,6.0,143.2573078821649,nominal,Eval-gated Fuzzy-TD3,2,2,0
0.028871394905721843,0.028871394905721843,0.32378226505848756,0.055197094768358775,15.976690506891561,33.86545979212539,0.0,0.03117569025341709,1.0,6.0,142.72052197427908,nominal,Eval-gated Fuzzy-TD3,2,2,1
0.02886432244963103,0.02886432244963103,0.3243753187171752,0.07502135699441752,15.982517983286938,32.55497504673414,0.0,0.031675127291530075,1.0,6.0,143.54128437430055,nominal,Eval-gated Fuzzy-TD3,2,2,2
0.027770354119752167,0.027770354119752167,0.322154110575704,0.04788733212707214,15.985978643873583,33.882378990753494,0.0,0.028961074449687346,1.0,6.0,146.90182012997997,nominal,Eval-gated Fuzzy-TD3,2,2,3
0.03428571691172565,0.03428571691172565,0.39262860669552113,0.07186764774479767,15.966047535198413,37.231131013823756,0.0,0.043529990541302625,1.0,6.0,117.62157460715794,nominal,Eval-gated Fuzzy-TD3,3,3,0
0.033521681871125364,0.033521681871125364,0.383792186278124,0.06989431847017633,15.960968789064161,36.00393259805867,0.0,0.04181079031720871,1.0,6.0,118.79339694436395,nominal,Eval-gated Fuzzy-TD3,3,3,1
0.03274493160653964,0.03274493160653964,0.3693104105775698,0.0661815187984174,15.988592596210086,35.13146925482145,0.0,0.03997093867911898,1.0,6.0,120.05377015892843,nominal,Eval-gated Fuzzy-TD3,3,3,2
0.0384112264832125,0.0384112264832125,0.4223060922827601,0.077944865976302,15.970094148894017,34.783945277269815,0.0,0.054180652445201656,1.0,6.0,106.52326410656802,nominal,Eval-gated Fuzzy-TD3,3,3,3
0.03304564958839561,0.03304564958839561,0.33600273208043185,0.08669003743634018,16.005709287633525,28.68515684378017,0.0,0.03976386485535431,1.0,6.0,122.48847852264383,nominal,Eval-gated Fuzzy-TD3,4,4,0
0.036509069749605876,0.036509069749605876,0.3539284386478161,0.09984312762562907,15.985551588201858,31.30542485725186,0.0,0.047879938791032806,1.0,6.0,119.08473639542622,nominal,Eval-gated Fuzzy-TD3,4,4,1
0.035974133685388626,0.035974133685388626,0.3503927532233014,0.09637275680192314,15.974168659980569,29.123943425485596,0.0,0.04678829802570133,1.0,6.0,119.76702673244895,nominal,Eval-gated Fuzzy-TD3,4,4,2
0.044839986915048084,0.044839986915048084,0.39600144151112704,0.12466996958112472,15.967070271254812,28.054504724599695,0.0,0.0714775969475512,1.0,6.0,112.11763865789479,nominal,Eval-gated Fuzzy-TD3,4,4,3
0.15510292417639512,0.15510292417639512,2.922113436551676,0.2585309419246865,17.18900221842293,197.72117076954643,0.0,1.0,1.0,6.0,-134.72448968900514,nominal,Fuzzy-SAC residual,0,0,0
0.16107885950135928,0.16107885950135928,3.0314454442079484,0.2801984286015424,16.903895724089196,141.0928391046112,0.0,1.0,1.0,6.0,-112.3055342193671,nominal,Fuzzy-SAC residual,0,0,1
0.16794811736119533,0.16794811736119533,3.136255062915848,0.3024999774873937,16.66206228565148,65.07405601767678,0.0,1.0,1.0,6.0,-100.89004558094004,nominal,Fuzzy-SAC residual,0,0,2
0.15137140919324887,0.15137140919324887,2.873506168839038,0.2559384299850039,17.132498395922447,203.71392481923786,0.0,1.0,1.0,6.0,-125.44193737305831,nominal,Fuzzy-SAC residual,0,0,3
0.2936326360914183,0.2936326360914183,5.984825690638514,0.47913293992818495,16.997477305519546,104.25588735888219,0.0,1.0,1.0,6.0,-361.0470835945355,nominal,Fuzzy-SAC residual,1,1,0
0.2965830174413142,0.2965830174413142,6.030116990485414,0.4791239433726266,17.08255438080903,91.57080524631647,0.0,1.0,1.0,6.0,-372.6125578914695,nominal,Fuzzy-SAC residual,1,1,1
0.2947125912712776,0.2947125912712776,6.005015054399086,0.4791284145344163,17.03637278041973,103.38313092912902,0.0,1.0,1.0,6.0,-363.7435007750929,nominal,Fuzzy-SAC residual,1,1,2
0.29287069352514444,0.29287069352514444,5.9713492800373364,0.4791360292535958,16.973038910530416,91.51356772461966,0.0,1.0,1.0,6.0,-358.4738058170499,nominal,Fuzzy-SAC residual,1,1,3
0.2286780856436073,0.2286780856436073,4.593824126754426,0.3613849215626025,17.434216659357475,263.06112685175026,0.0,1.0,1.0,6.0,-262.747730771338,nominal,Fuzzy-SAC residual,2,2,0
0.23046610267085454,0.23046610267085454,4.642536645607041,0.36137958894315025,17.38097371521109,242.7268342162607,0.0,1.0,1.0,6.0,-261.97796007445555,nominal,Fuzzy-SAC residual,2,2,1
0.22820722129748944,0.22820722129748944,4.582230489260833,0.3614268347506696,17.458792728029138,263.46530139235887,0.0,1.0,1.0,6.0,-266.3060825185727,nominal,Fuzzy-SAC residual,2,2,2
0.23327793265379157,0.23327793265379157,4.7168710338566235,0.36151263228014446,17.35263609685389,211.7165728957286,0.0,1.0,1.0,6.0,-262.520667901336,nominal,Fuzzy-SAC residual,2,2,3
0.327597737507561,0.327597737507561,6.644730153005189,0.49959119450509926,16.602971422142264,66.01343668454365,0.0,1.0,1.0,6.0,-411.371279227873,nominal,Fuzzy-SAC residual,3,3,0
0.32722855399504075,0.32722855399504075,6.629726572591518,0.49916419161632464,16.538110961855253,67.83682364331314,0.0,1.0,1.0,6.0,-401.83665633196387,nominal,Fuzzy-SAC residual,3,3,1
0.3271420678954866,0.3271420678954866,6.625588733439342,0.49895000032042497,16.51910606569682,64.23983810027062,0.0,1.0,1.0,6.0,-405.45167580989937,nominal,Fuzzy-SAC residual,3,3,2
0.32844874306929417,0.32844874306929417,6.666543041424455,0.4998676379543211,16.658950976941583,60.010556262520055,0.0,1.0,1.0,6.0,-423.8000174064339,nominal,Fuzzy-SAC residual,3,3,3
0.39606791371383804,0.39606791371383804,7.993186210330242,0.6257937290501635,16.7421290689579,40.61644751547314,0.14333333333333334,1.0,1.0,6.0,-605.4626808318591,nominal,Fuzzy-SAC residual,4,4,0
0.3961664771546769,0.3961664771546769,7.994519118038548,0.625797877514654,16.735368112073424,40.86198420338947,0.14333333333333334,1.0,1.0,6.0,-606.870264341399,nominal,Fuzzy-SAC residual,4,4,1
0.3959209771797456,0.3959209771797456,7.991169630648155,0.625791495530783,16.721209789038998,40.4591572454713,0.14333333333333334,1.0,1.0,6.0,-604.1133781916649,nominal,Fuzzy-SAC residual,4,4,2
0.39603734029889415,0.39603734029889415,7.991719578341135,0.625857748751952,16.730865808053498,41.74491035013422,0.14333333333333334,1.0,1.0,6.0,-607.7445774646176,nominal,Fuzzy-SAC residual,4,4,3
0.10221888730826868,0.10221888730826868,1.9321876845056398,0.19803655923309332,16.435094047357335,44.30684378926735,0.0,1.0,1.0,6.0,20.473134188554937,nominal,Fuzzy-TD3 residual,0,0,0
0.10203059211982113,0.10203059211982113,1.9282088392748573,0.19804517518369497,16.415814182015932,43.06666112587938,0.0,1.0,1.0,6.0,21.344020658083107,nominal,Fuzzy-TD3 residual,0,0,1
0.10201092774333595,0.10201092774333595,1.9262326552600342,0.19804956372814683,16.396185993578175,40.943083490646316,0.0,1.0,1.0,6.0,21.411227484614027,nominal,Fuzzy-TD3 residual,0,0,2
0.10201931162284303,0.10201931162284303,1.9268463013223998,0.1980480243561611,16.393140894472705,42.57812147988569,0.0,1.0,1.0,6.0,21.312048973784005,nominal,Fuzzy-TD3 residual,0,0,3
0.09932198474409674,0.09932198474409674,1.8689103706266368,0.16971422569618666,16.47051384228836,52.89445422072915,0.0,1.0,1.0,6.0,-27.001346768437845,nominal,Fuzzy-TD3 residual,1,1,0
0.09940581745425205,0.09940581745425205,1.8686289808873053,0.16991091918349593,16.480988826914295,54.43327837196154,0.0,1.0,1.0,6.0,-25.554217302157124,nominal,Fuzzy-TD3 residual,1,1,1
0.09915380995333949,0.09915380995333949,1.8681317457276714,0.1698406487135688,16.475338546978183,52.760784464345285,0.0,1.0,1.0,6.0,-25.418636427145035,nominal,Fuzzy-TD3 residual,1,1,2
0.09967174512348384,0.09967174512348384,1.8717274560672326,0.16974776052545953,16.46857644775449,53.20895836049909,0.0,1.0,1.0,6.0,-28.641268750607537,nominal,Fuzzy-TD3 residual,1,1,3
0.12098614782418751,0.12098614782418751,2.196304206759424,0.23566163213381147,16.140877399586117,114.7429128399226,0.0,1.0,1.0,6.0,-8.04344439982421,nominal,Fuzzy-TD3 residual,2,2,0
0.12095911453675791,0.12095911453675791,2.1960046589867765,0.23567277439418788,16.13640582738069,115.22809595161006,0.0,1.0,1.0,6.0,-8.036191584585564,nominal,Fuzzy-TD3 residual,2,2,1
0.12037448952487348,0.12037448952487348,2.1861476463392835,0.2356229649262682,16.16063546287896,118.1903619693936,0.0,1.0,1.0,6.0,1.499425254272084,nominal,Fuzzy-TD3 residual,2,2,2
0.1206147838514274,0.1206147838514274,2.1919653199557763,0.23566242552226507,16.149367190841858,116.42269661556651,0.0,1.0,1.0,6.0,0.13193867117316171,nominal,Fuzzy-TD3 residual,2,2,3
0.11414020840248412,0.11414020840248412,2.175536222906942,0.14377432632672577,16.753671438575154,58.021198516094266,0.0,1.0,1.0,6.0,-52.026988185946124,nominal,Fuzzy-TD3 residual,3,3,0
0.1095541461455317,0.1095541461455317,2.127429857058611,0.1613697228423669,16.637106306081634,58.55403183965415,0.0,1.0,1.0,6.0,-43.26611432686034,nominal,Fuzzy-TD3 residual,3,3,1
0.11509790689868686,0.11509790689868686,2.1839545782567664,0.2041689225448424,16.48511110179148,53.717306080123805,0.0,1.0,1.0,6.0,-35.38446789006025,nominal,Fuzzy-TD3 residual,3,3,2
0.1301896683326374,0.1301896683326374,2.319524293012963,0.17399744880637438,16.892133131206904,57.656962127176776,0.0,1.0,1.0,6.0,-81.71640896470683,nominal,Fuzzy-TD3 residual,3,3,3
0.15035816749353156,0.15035816749353156,2.019697120514584,0.3899475979646256,16.02940826794605,178.83989825212697,0.0,1.0,1.0,6.0,-79.64828030228473,nominal,Fuzzy-TD3 residual,4,4,0
0.15505535700873171,0.15505535700873171,2.0604990215738965,0.40019383919269985,15.96380015564621,176.99512889470412,0.0,1.0,1.0,6.0,-86.61270006303319,nominal,Fuzzy-TD3 residual,4,4,1
0.1559280258150332,0.1559280258150332,2.065748119975205,0.40148785308504054,15.954418020114327,185.31737676694001,0.0,1.0,1.0,6.0,-89.97578745068671,nominal,Fuzzy-TD3 residual,4,4,2
0.14933021754587625,0.14933021754587625,2.0104490986552195,0.3882300754039247,16.027681209610073,177.85995718088495,0.0,1.0,1.0,6.0,-79.22520329639016,nominal,Fuzzy-TD3 residual,4,4,3
0.05027859732116623,0.05027859732116623,0.8076023962677676,0.09368950151920732,16.036070266729016,29.307711577892405,0.0,0.10928585696901214,1.0,6.0,67.27843591376929,nominal,Gated Fuzzy-TD3,0,0,0
0.05197504437822842,0.05197504437822842,0.8184174005166605,0.09942767811741463,16.0084260159002,27.43134889716582,0.0,0.11071120722765665,1.0,6.0,64.29423097626112,nominal,Gated Fuzzy-TD3,0,0,1
0.05424785149777385,0.05424785149777385,0.8293401240714023,0.10370712087548876,15.98066916064603,26.862665815579195,0.0,0.11360568465406731,1.0,6.0,63.36150199394252,nominal,Gated Fuzzy-TD3,0,0,2
0.05416626178700291,0.05416626178700291,0.8330663706694013,0.10229345939095547,15.978023721649624,29.050383735929607,0.0,0.11342012804886811,1.0,6.0,62.852030284684005,nominal,Gated Fuzzy-TD3,0,0,3
0.02610757810920761,0.02610757810920761,0.38696706659888774,0.056692545925430785,16.048133501163733,16.719943002542827,0.0,0.08842436343045247,1.0,6.0,145.42603860981782,nominal,Gated Fuzzy-TD3,1,1,0
0.027977948629031142,0.027977948629031142,0.38590071254822245,0.04920688345725979,16.07706264032329,20.302248172722358,0.0,0.09021354016803963,1.0,6.0,145.6313440132317,nominal,Gated Fuzzy-TD3,1,1,1
0.02368382693120768,0.02368382693120768,0.38939389424586857,0.04112504373598658,16.063024698621554,17.384558443887514,0.0,0.08644168720587317,1.0,6.0,146.53666767083752,nominal,Gated Fuzzy-TD3,1,1,2
0.029201119728974476,0.029201119728974476,0.3878789288247958,0.05648222057627238,16.03987477772808,18.34271169748217,0.0,0.08968632958858336,1.0,6.0,132.03608547988736,nominal,Gated Fuzzy-TD3,1,1,3
0.0462231306172954,0.0462231306172954,0.7054673065729424,0.07839421811307926,15.99610011939557,44.97914467631019,0.0,0.10862890002990544,1.0,6.0,72.87376521509053,nominal,Gated Fuzzy-TD3,2,2,0
0.046736705040017146,0.046736705040017146,0.7120325228028459,0.07955072922051741,15.987883606069282,40.241417912555235,0.0,0.1086953992672859,1.0,6.0,72.3560986420563,nominal,Gated Fuzzy-TD3,2,2,1
0.04571952830177292,0.04571952830177292,0.7023545808711726,0.07875138065965194,15.99940662014386,39.241582121197,0.0,0.10859180543895895,1.0,6.0,84.00976974234315,nominal,Gated Fuzzy-TD3,2,2,2
0.04504404659992196,0.04504404659992196,0.708895092150213,0.07549865130477038,16.000951983709673,36.86441275468062,0.0,0.10690710351317805,1.0,6.0,82.99900830512257,nominal,Gated Fuzzy-TD3,2,2,3
0.21929538237960378,0.21929538237960378,2.6478272702011685,0.43579348574193283,15.42176288815023,212.92790511028076,0.0,0.4077969887123163,1.0,6.0,-170.78333777137425,nominal,Gated Fuzzy-TD3,3,3,0
0.1112878662024828,0.1112878662024828,1.3349107432717648,0.2273345530090903,15.589961858239096,93.15166247733532,0.0,0.20272044235379258,1.0,6.0,9.442576979885782,nominal,Gated Fuzzy-TD3,3,3,1
0.213407736815133,0.213407736815133,2.5638682785682985,0.43162875188989364,15.437584415753674,199.41973370348228,0.0,0.39680521177131034,1.0,6.0,-169.16111241191615,nominal,Gated Fuzzy-TD3,3,3,2
0.1845076034541439,0.1845076034541439,2.280180689384404,0.370814641876984,15.476921309034381,168.52348775730238,0.0,0.351112663709301,1.0,6.0,-107.5078597083249,nominal,Gated Fuzzy-TD3,3,3,3
0.04086941460953701,0.04086941460953701,0.624317805874756,0.07179642399644864,16.085239316855276,36.15316363830871,0.0,0.10338940665799749,1.0,6.0,102.24517101928473,nominal,Gated Fuzzy-TD3,4,4,0
0.04014580225452779,0.04014580225452779,0.6292890233779063,0.06996997342620129,16.07135965372857,36.28239806487043,0.0,0.10284658600144034,1.0,6.0,104.30781871363438,nominal,Gated Fuzzy-TD3,4,4,1
0.04353253479524494,0.04353253479524494,0.6331441401661924,0.08288762346767294,16.060052831507527,37.720300523861695,0.0,0.10528556246172921,1.0,6.0,98.39599695527576,nominal,Gated Fuzzy-TD3,4,4,2
0.04236606421411089,0.04236606421411089,0.6341072091431906,0.08253386783305679,16.06837187059596,39.65042797123566,0.0,0.10563152378900952,1.0,6.0,102.23114792607296,nominal,Gated Fuzzy-TD3,4,4,3
0.8262341975491851,2.0665545718494647,1.3089851664084509,2.510685587170602,14.958208337696739,37.95708764472678,0.2840909090909091,1.0,0.0,1.76,-1046.7969988331695,nominal,SAC direct,0,0,0
0.8193815403862519,2.0821114548561535,1.159009197405426,2.470944385700481,14.34597043881825,55.30111744302026,0.27380952380952384,1.0,0.0,1.6800000000000002,-985.0643033127839,nominal,SAC direct,0,0,1
0.8329202675874919,2.083615062386583,1.1765778026794835,2.504099750334277,14.273300581206792,49.04233904247082,0.2857142857142857,1.0,0.0,1.6800000000000002,-1017.2970881455802,nominal,SAC direct,0,0,2
0.8279358468484459,2.0830587544807906,1.1716731273321084,2.4904008393572834,14.269357673531333,69.52865285450586,0.27380952380952384,1.0,0.0,1.6800000000000002,-1008.3362800851077,nominal,SAC direct,0,0,3
0.8106419028804838,2.0647423938868665,1.2767746396178026,2.541192925647368,19.348348109028183,38.01081640317701,0.26136363636363635,1.0,0.0,1.76,-1172.5788241457303,nominal,SAC direct,1,1,0
0.810958372930889,2.0811878759822426,1.1527349112945084,2.5006314340402302,19.212034521799485,38.267057064634045,0.2619047619047619,1.0,0.0,1.6800000000000002,-1118.7874967469866,nominal,SAC direct,1,1,1
0.7721436442795722,2.064582205712911,1.1945116037689145,2.4053042179233843,19.47541287294467,37.51171143049105,0.25287356321839083,1.0,0.0,1.74,-1089.490306608713,nominal,SAC direct,1,1,2
0.8044412030092326,2.0886553116188677,1.074346923657909,2.462207124851501,18.79554594271741,39.68577770400525,0.2682926829268293,1.0,0.0,1.6400000000000001,-1075.19915989861,nominal,SAC direct,1,1,3
0.553569175814473,0.553569175814473,11.422421338317106,0.8061543120282234,16.94538562542174,446.9593201438741,0.44666666666666666,1.0,1.0,6.0,-1955.169407818325,nominal,SAC direct,2,2,0
0.5535697260989989,0.5535697260989989,11.422433729422725,0.8061554447709253,16.939638517577553,446.87594634530086,0.44666666666666666,1.0,1.0,6.0,-1955.3907473464449,nominal,SAC direct,2,2,1
0.5534634261944013,0.5534634261944013,11.419657440748345,0.8060549359887652,16.960918475545117,447.36299499465736,0.44333333333333336,1.0,1.0,6.0,-1957.935093847325,nominal,SAC direct,2,2,2
0.5535113196013164,0.5535113196013164,11.421247617001285,0.8061171727883177,16.951026934119778,446.82612250064295,0.44666666666666666,1.0,1.0,6.0,-1954.7367754284012,nominal,SAC direct,2,2,3
0.941366890791991,2.1800784700180875,0.8053121508052994,2.492620646232503,13.718457102102448,77.85806241496036,0.4838709677419355,1.0,0.0,1.24,-985.1194502463563,nominal,SAC direct,3,3,0
0.8585271208223598,2.1380457478893464,0.9513339339436134,2.406810737971376,14.404405285910194,68.43134270503081,0.4084507042253521,1.0,0.0,1.4200000000000002,-943.8431451730462,nominal,SAC direct,3,3,1
0.9262701494241087,2.1636900900399563,0.8894458913670706,2.514092643402196,14.07920135295145,74.69684043782844,0.45454545454545453,1.0,0.0,1.32,-1007.1475734569818,nominal,SAC direct,3,3,2
0.9231130889874485,2.1859614715296307,0.7442245145554597,2.418935466201683,13.681108225489412,76.26336110171111,0.48333333333333334,1.0,0.0,1.2,-936.5343670230566,nominal,SAC direct,3,3,3
0.7231062593702957,1.8161924048128917,2.927503950660614,2.479470669308047,14.03788245419701,34.41124688261107,0.19148936170212766,1.0,0.0,2.8200000000000003,-1243.59512210492,nominal,SAC direct,4,4,0
0.707941353965958,1.813382213298653,2.8613263581741224,2.4391018410650767,13.988049557452106,33.38790615758398,0.19148936170212766,1.0,0.0,2.8200000000000003,-1211.0977047520716,nominal,SAC direct,4,4,1
0.7023470310535213,1.812359493989522,2.8362124763532877,2.4284443434487577,13.9534085911205,33.844152404046945,0.18439716312056736,1.0,0.0,2.8200000000000003,-1198.1389182842677,nominal,SAC direct,4,4,2
0.7151227974298886,1.8147061164937575,2.8929549230491443,2.454408555303312,14.00642828212903,33.66178621868207,0.19148936170212766,1.0,0.0,2.8200000000000003,-1227.418693720045,nominal,SAC direct,4,4,3
0.8503777266885302,0.8794946590329432,15.145335853412295,2.45291010180095,14.431199267265,53.51294621186249,0.3838383838383838,1.0,1.0,5.9399999999999995,-3789.993985731509,nominal,TD3 direct,0,0,0
0.8318425177063007,0.8715135194631835,14.727952609396612,2.446951470566462,14.30862539290342,51.86173021050896,0.3716216216216216,1.0,1.0,5.92,-3565.8120393882823,nominal,TD3 direct,0,0,1
0.8293828529782704,0.8691974677387855,14.6850976401993,2.479301705817691,14.24336468588702,53.04058829691641,0.36824324324324326,1.0,1.0,5.92,-3489.930459766925,nominal,TD3 direct,0,0,2
0.829730902335736,0.869525153184386,14.692309407305522,2.4667478009318713,14.248545799273858,51.573560870754996,0.36824324324324326,1.0,1.0,5.92,-3508.3951933357716,nominal,TD3 direct,0,0,3
0.6513629897954849,1.478195998099866,4.600351647242384,2.457684910533619,14.80123975604137,21.73976214250951,0.15920398009950248,1.0,0.0,4.02,-1481.472018006537,nominal,TD3 direct,1,1,0
0.6546762650677052,1.479176351240382,4.626478558199265,2.4576844555504747,14.87825679042233,22.48246221824514,0.15920398009950248,1.0,0.0,4.02,-1499.8036657987027,nominal,TD3 direct,1,1,1
0.6524486997469555,1.478516768551172,4.610318255677119,2.4576849230909357,14.83259607797917,22.00495393211296,0.15920398009950248,1.0,0.0,4.02,-1487.9513660692905,nominal,TD3 direct,1,1,2
0.6510800450057923,1.4781124790600944,4.597628484698227,2.4576845997035446,14.788494753040547,21.71264411179614,0.15920398009950248,1.0,0.0,4.02,-1479.6440917933592,nominal,TD3 direct,1,1,3
0.5860674441223007,0.5860674441223007,11.070656859062538,1.0911529731273566,18.857518005184303,883.7336714564713,0.33666666666666667,1.0,1.0,6.0,-2711.917893941361,nominal,TD3 direct,2,2,0
0.5861230380901207,0.5861230380901207,11.071476199783094,1.0916889785513209,18.849591878926724,882.8764959350459,0.33666666666666667,1.0,1.0,6.0,-2711.1550189562263,nominal,TD3 direct,2,2,1
0.5775200572093829,0.5775200572093829,10.91632766568471,1.085645223886578,19.058935385133694,887.0346400922651,0.33,1.0,1.0,6.0,-2676.150463035146,nominal,TD3 direct,2,2,2
0.5904741231055597,0.5904741231055597,11.14746872549453,1.1059376404534302,18.83361416549836,875.1866004858205,0.34,1.0,1.0,6.0,-2734.119002007668,nominal,TD3 direct,2,2,3
0.7295608754519234,1.9824960718363507,1.4704558128611587,2.4951336951642893,17.66405798978419,47.41243483679082,0.21904761904761905,1.0,0.0,2.1,-1209.62010639678,nominal,TD3 direct,3,3,0
0.74942038640486,1.9937970343899085,1.4617813601603302,2.5057992690520696,17.59198674536529,46.498474858387056,0.23300970873786409,1.0,0.0,2.06,-1209.6056631521967,nominal,TD3 direct,3,3,1
0.7420791025341678,2.014519609115248,1.3521068403019252,2.4383184019520967,16.936910403144168,49.144208054263835,0.24489795918367346,1.0,0.0,1.96,-1107.1171119969117,nominal,TD3 direct,3,3,2
0.6741240114307862,1.9621415712948727,1.4290220198005898,2.479405750570178,17.951519060908662,55.854376669570684,0.18518518518518517,1.0,0.0,2.16,-1158.9786484435706,nominal,TD3 direct,3,3,3
0.9667589731967263,2.064977748741976,1.8039500066658032,2.4724051419224535,12.161715373590958,28.09094682042509,0.3978494623655914,1.0,0.0,1.86,-1312.5734459300584,nominal,TD3 direct,4,4,0
0.9461184554936999,2.0541326738418895,1.8392688947207045,2.437094536244447,12.122544754520884,29.27781047573054,0.3894736842105263,1.0,0.0,1.9000000000000001,-1294.1956653529635,nominal,TD3 direct,4,4,1
0.963795713935295,2.0723337072136845,1.728516575285837,2.4494361177030957,12.102419503168463,30.473615421904405,0.3956043956043956,1.0,0.0,1.82,-1284.9268545595557,nominal,TD3 direct,4,4,2
0.9470928326504212,2.0384319942316136,1.9900182340366908,2.4638160266835394,12.11018573129845,25.744203826376257,0.3838383838383838,1.0,0.0,1.98,-1345.674096739146,nominal,TD3 direct,4,4,3
0.896644191143018,0.896644191143018,13.46642470977427,2.0315609828857992,20.375350755339518,20.086566928838646,0.3466666666666667,1.0,1.0,6.0,-4280.717140530197,payload_2x,Adaptive computed torque,-1,0,0
0.8835960283826579,0.8835960283826579,13.282364011864953,1.9792162096189398,20.43388975710491,17.69692408981926,0.35,1.0,1.0,6.0,-4133.591687803011,payload_2x,Adaptive computed torque,-1,0,1
0.8855946492717072,0.8855946492717072,13.416678461976536,1.9774492457576562,20.4095507875841,17.77713154886765,0.3566666666666667,1.0,1.0,6.0,-4166.840652413712,payload_2x,Adaptive computed torque,-1,0,2
0.8967879225932569,0.8967879225932569,13.540484218085524,1.9974854443307208,20.357433464727066,18.929771950645083,0.35333333333333333,1.0,1.0,6.0,-4265.014385866688,payload_2x,Adaptive computed torque,-1,0,3
0.8953300942313274,0.8953300942313274,13.545390544232708,1.9859621161577228,20.37501728811451,18.65008075211572,0.35333333333333333,1.0,1.0,6.0,-4266.270336418865,payload_2x,Adaptive computed torque,-1,1,0
0.8972733764140187,0.8972733764140187,13.524684811053177,2.0080788920040606,20.379094847909315,21.04185074390222,0.35,1.0,1.0,6.0,-4275.657205948567,payload_2x,Adaptive computed torque,-1,1,1
0.8837727860102856,0.8837727860102856,13.299244962257466,1.979149737155998,20.431108142951306,17.857777444781984,0.35,1.0,1.0,6.0,-4134.135635397761,payload_2x,Adaptive computed torque,-1,1,2
0.8836718839745457,0.8836718839745457,13.287988772256961,1.9792014192025804,20.425910257425507,17.827563025128732,0.35,1.0,1.0,6.0,-4135.361159471544,payload_2x,Adaptive computed torque,-1,1,3
0.896799198419842,0.896799198419842,13.47364076716979,2.029317459172328,20.36026341807541,19.606454322227933,0.3466666666666667,1.0,1.0,6.0,-4281.680222267735,payload_2x,Adaptive computed torque,-1,2,0
0.8948011016322874,0.8948011016322874,13.403502074625957,2.052773234455641,20.352803073077297,19.82250350933148,0.34,1.0,1.0,6.0,-4264.417799196684,payload_2x,Adaptive computed torque,-1,2,1
0.886119765733715,0.886119765733715,13.434939638651475,1.9770272800198476,20.40869116030865,17.80709303567635,0.36,1.0,1.0,6.0,-4176.038373094957,payload_2x,Adaptive computed torque,-1,2,2
0.8946615786035756,0.8946615786035756,13.541246052344436,1.9833868293941976,20.37424305654425,18.637820084772173,0.35333333333333333,1.0,1.0,6.0,-4256.730690170783,payload_2x,Adaptive computed torque,-1,2,3
0.8903910945707165,0.8903910945707165,13.507958772391742,1.976063201537197,20.388914039243257,18.857163453222128,0.36,1.0,1.0,6.0,-4214.209219431768,payload_2x,Adaptive computed torque,-1,3,0
0.8961668149305833,0.8961668149305833,13.546516610678022,1.9908296841260584,20.362735361057744,18.713424680706733,0.35333333333333333,1.0,1.0,6.0,-4274.67134966059,payload_2x,Adaptive computed torque,-1,3,1
0.8964228403094253,0.8964228403094253,13.455747153945651,2.0353754096077847,20.362928943181675,19.535863656002014,0.3466666666666667,1.0,1.0,6.0,-4282.56981316755,payload_2x,Adaptive computed torque,-1,3,2
0.8962257899191125,0.8962257899191125,13.545559509574007,1.9913668378694924,20.38201534625281,20.713432260185954,0.35333333333333333,1.0,1.0,6.0,-4276.506023924214,payload_2x,Adaptive computed torque,-1,3,3
0.8869644053627388,0.8869644053627388,13.458626830345137,1.9763726179918706,20.417227481338788,18.009214129108408,0.3566666666666667,1.0,1.0,6.0,-4181.579766864673,payload_2x,Adaptive computed torque,-1,4,0
0.8964229907412217,0.8964229907412217,13.456314667841397,2.0346200960846073,20.3620130172059,19.93307041735443,0.3466666666666667,1.0,1.0,6.0,-4279.30596671535,payload_2x,Adaptive computed torque,-1,4,1
0.8932576987353232,0.8932576987353232,13.533185984343215,1.9795504798130796,20.373660877733272,18.312929400694667,0.3566666666666667,1.0,1.0,6.0,-4233.938775626248,payload_2x,Adaptive computed torque,-1,4,2
0.8836449834273761,0.8836449834273761,13.286274839074169,1.9792051535684834,20.426904035007635,18.816801427169654,0.35,1.0,1.0,6.0,-4133.897098335898,payload_2x,Adaptive computed torque,-1,4,3
0.8173867985138669,0.8173867985138669,11.193731543192019,2.0297085272613535,20.20102717183672,17.94583114922106,0.29333333333333333,1.0,1.0,6.0,-3617.543533391131,payload_2x,Computed torque,-1,0,0
0.7920411344482707,0.7920411344482707,9.763455681913223,1.9726693472226513,20.235868549904758,15.49705152623068,0.24,1.0,1.0,6.0,-3378.7031520569485,payload_2x,Computed torque,-1,0,1
0.794978808787421,0.794978808787421,10.069967923662283,1.971437341535972,20.22273627888935,15.703408716471637,0.24,1.0,1.0,6.0,-3398.288195117841,payload_2x,Computed torque,-1,0,2
0.8174446689000634,0.8174446689000634,11.269866653267016,1.9930014527871271,20.189641849009167,16.817258735269057,0.29333333333333333,1.0,1.0,6.0,-3605.0495257927746,payload_2x,Computed torque,-1,0,3
0.8143780160591506,0.8143780160591506,11.167996001944935,1.9809736402495632,20.21167035873302,16.57204999996936,0.29,1.0,1.0,6.0,-3528.8354466054766,payload_2x,Computed torque,-1,1,0
0.81841267556672,0.81841267556672,11.283929890644355,2.00423003208236,20.208650701034202,18.89277114897004,0.2966666666666667,1.0,1.0,6.0,-3624.894844627343,payload_2x,Computed torque,-1,1,1
0.7922197473571227,0.7922197473571227,9.783868147236397,1.97266581395032,20.234026538827948,15.65944482573406,0.24,1.0,1.0,6.0,-3380.102309269757,payload_2x,Computed torque,-1,1,2
0.7921195078541251,0.7921195078541251,9.769824509588167,1.97267225247199,20.22815775713599,15.631217280643748,0.24,1.0,1.0,6.0,-3380.573121974173,payload_2x,Computed torque,-1,1,3
0.8176681961713914,0.8176681961713914,11.209271074476712,2.0272798326716788,20.186186408578486,17.46529509520086,0.29333333333333333,1.0,1.0,6.0,-3619.2994959834973,payload_2x,Computed torque,-1,2,0
0.8124032474150996,0.8124032474150996,10.9500298029444,2.0535175469262272,20.180139933698854,17.643613528442085,0.27666666666666667,1.0,1.0,6.0,-3528.5301195066504,payload_2x,Computed torque,-1,2,1
0.7958702545431797,0.7958702545431797,10.142826109996323,1.9710723478192047,20.225120266633287,15.754481792910768,0.24,1.0,1.0,6.0,-3408.1943179783443,payload_2x,Computed torque,-1,2,2
0.81307185693386,0.81307185693386,11.11749739425663,1.9782706271136221,20.21198124385922,16.55120923652909,0.2866666666666667,1.0,1.0,6.0,-3517.0118753737047,payload_2x,Computed torque,-1,2,3
0.8044544261144915,0.8044544261144915,10.714131980102986,1.970561144049858,20.22754618590189,16.789221110589747,0.24,1.0,1.0,6.0,-3459.8823397548385,payload_2x,Computed torque,-1,3,0
0.8160665439368218,0.8160665439368218,11.228302361401404,1.986090272018206,20.197441413305793,16.623988694894685,0.29,1.0,1.0,6.0,-3572.2296938050604,payload_2x,Computed torque,-1,3,1
0.8168854459320194,0.8168854459320194,11.165546415766757,2.03386405084764,20.188329808819045,17.39743323492783,0.29,1.0,1.0,6.0,-3610.1558115173484,payload_2x,Computed torque,-1,3,2
0.8161992576967336,0.8161992576967336,11.232319327090384,1.9866553629105914,20.21651407521238,18.622096960278395,0.29333333333333333,1.0,1.0,6.0,-3574.3233568331407,payload_2x,Computed torque,-1,3,3
0.7975218282699773,0.7975218282699773,10.27740753183741,1.970522388696407,20.241386666002708,15.959382792576701,0.24,1.0,1.0,6.0,-3415.6877473218055,payload_2x,Computed torque,-1,4,0
0.816943899170758,0.816943899170758,11.169953148015404,2.0330350490668807,20.187447934863687,17.793124012434962,0.29,1.0,1.0,6.0,-3607.2760935984184,payload_2x,Computed torque,-1,4,1
0.8102013633111943,0.8102013633111943,10.995946136313783,1.9742475349566793,20.212928567654558,16.250577642862005,0.27666666666666667,1.0,1.0,6.0,-3496.9921616576653,payload_2x,Computed torque,-1,4,2
0.7920909848260149,0.7920909848260149,9.76792777994275,1.972671981507901,20.22908913230843,16.619623928988517,0.24,1.0,1.0,6.0,-3379.086854510284,payload_2x,Computed torque,-1,4,3
0.5207662335428499,0.5207662335428499,8.227026030375722,1.1685976785333592,16.99768576633951,30.67830716741323,0.26,1.0,1.0,6.0,-1306.2489436488415,payload_2x,Fuzzy,-1,0,0
0.5188202379732041,0.5188202379732041,8.200673628376167,1.164533797816692,17.00463704656302,30.886554162102197,0.25666666666666665,1.0,1.0,6.0,-1288.8289286058919,payload_2x,Fuzzy,-1,0,1
0.5179938945110591,0.5179938945110591,8.18954797127541,1.1621128067276159,16.996903703959603,29.860514847126797,0.25666666666666665,1.0,1.0,6.0,-1286.1662976261125,payload_2x,Fuzzy,-1,0,2
0.5198566194836266,0.5198566194836266,8.212296753777792,1.1657058318720426,16.978656783089054,30.096124837820717,0.26,1.0,1.0,6.0,-1292.6807991146488,payload_2x,Fuzzy,-1,0,3
0.5189457726778666,0.5189457726778666,8.196998052491212,1.1633644030408063,17.00603218777597,29.44268987947967,0.25666666666666665,1.0,1.0,6.0,-1290.7816155577477,payload_2x,Fuzzy,-1,1,0
0.5203205711109589,0.5203205711109589,8.22506885565,1.1667497380543417,17.000577088027853,28.999762291993992,0.26,1.0,1.0,6.0,-1303.7954411475876,payload_2x,Fuzzy,-1,1,1
0.5187406091019445,0.5187406091019445,8.199959272485536,1.1642791777152275,17.0075353669488,30.899634027934837,0.25666666666666665,1.0,1.0,6.0,-1289.132142528291,payload_2x,Fuzzy,-1,1,2
0.5187751996904375,0.5187751996904375,8.202663464454288,1.1641529135687125,16.987151291412136,28.939831634150124,0.25666666666666665,1.0,1.0,6.0,-1292.653272221382,payload_2x,Fuzzy,-1,1,3
0.5206549228906003,0.5206549228906003,8.22507440020341,1.1681862775344574,16.972443557849775,30.810484848320133,0.26,1.0,1.0,6.0,-1298.3084836313374,payload_2x,Fuzzy,-1,2,0
0.5202906442112308,0.5202906442112308,8.223628078563115,1.1675125049409523,16.963159931888566,30.493999788802405,0.26,1.0,1.0,6.0,-1298.1677608180398,payload_2x,Fuzzy,-1,2,1
0.5180240438072936,0.5180240438072936,8.191095322073785,1.1618974754771445,16.99598884243755,28.282334064811742,0.25666666666666665,1.0,1.0,6.0,-1292.407171595608,payload_2x,Fuzzy,-1,2,2
0.5189487774750806,0.5189487774750806,8.198645236340113,1.1632808951317777,16.997824063476926,30.136861308667335,0.25666666666666665,1.0,1.0,6.0,-1290.2579594951362,payload_2x,Fuzzy,-1,2,3
0.5181007318850817,0.5181007318850817,8.189260725096446,1.1615780347922104,17.01053072261973,31.22938227407738,0.25666666666666665,1.0,1.0,6.0,-1290.626017871299,payload_2x,Fuzzy,-1,3,0
0.5194929683577525,0.5194929683577525,8.206746603495931,1.1647015008018171,16.987416173314703,28.994194619789912,0.26,1.0,1.0,6.0,-1294.6106978518937,payload_2x,Fuzzy,-1,3,1
0.5207842317879391,0.5207842317879391,8.225744733834967,1.1685716817015268,16.98222036739679,29.24813211984264,0.26,1.0,1.0,6.0,-1304.7783282344485,payload_2x,Fuzzy,-1,3,2
0.5195252346058515,0.5195252346058515,8.213390719011691,1.164485487666407,17.00735341426021,28.92795698362852,0.26,1.0,1.0,6.0,-1303.7246543238891,payload_2x,Fuzzy,-1,3,3
0.5178942534915683,0.5178942534915683,8.182779897376742,1.161787121291146,17.027877574091985,29.014793505319993,0.25666666666666665,1.0,1.0,6.0,-1286.4184374415172,payload_2x,Fuzzy,-1,4,0
0.5205460247152947,0.5205460247152947,8.223118784629436,1.1682976206037683,16.98376381038559,31.278528911327562,0.26,1.0,1.0,6.0,-1296.0114887088678,payload_2x,Fuzzy,-1,4,1
0.5183466143895475,0.5183466143895475,8.190159022652,1.1620991337919115,16.999657416137417,29.442831413497103,0.25666666666666665,1.0,1.0,6.0,-1288.858643807546,payload_2x,Fuzzy,-1,4,2
0.5187842877373987,0.5187842877373987,8.206232131113518,1.1642158362711614,16.993755697216905,31.23854552945422,0.25666666666666665,1.0,1.0,6.0,-1294.3136833482906,payload_2x,Fuzzy,-1,4,3
0.42520535815046023,0.42520535815046023,6.015768429256637,1.0615995897732515,20.680176211486994,277.8459992501236,0.19,1.0,1.0,6.0,-1826.0681065397343,payload_2x,PID,-1,0,0
0.4135281896536891,0.4135281896536891,5.853179942441468,1.0359008904002411,20.204296107510654,206.0048776685853,0.18333333333333332,1.0,1.0,6.0,-1707.1191371257696,payload_2x,PID,-1,0,1
0.4243311242622729,0.4243311242622729,6.006792861311432,1.0578145573120206,20.467221437531098,242.40750637635952,0.19,1.0,1.0,6.0,-1789.3995565386308,payload_2x,PID,-1,0,2
0.42699526765167195,0.42699526765167195,6.022637104710845,1.0676725748750793,20.2394178689863,203.40664827899823,0.19,1.0,1.0,6.0,-1765.1450887271453,payload_2x,PID,-1,0,3
0.424383215661396,0.424383215661396,5.99951729068933,1.0589665080536348,20.577013778041646,260.7957249545642,0.19,1.0,1.0,6.0,-1807.1420928701161,payload_2x,PID,-1,1,0
0.4253757320943008,0.4253757320943008,6.015376032669594,1.0622083140189698,20.579291311095762,260.86130261797433,0.19,1.0,1.0,6.0,-1810.1337926143794,payload_2x,PID,-1,1,1
0.4230366797052385,0.4230366797052385,5.998971022850863,1.0548334661492127,20.69885212970981,283.81823811724246,0.18666666666666668,1.0,1.0,6.0,-1823.3868443099152,payload_2x,PID,-1,1,2
0.4171490917724363,0.4171490917724363,5.859323057655979,1.0481783279170693,19.289395099825924,20.15688489158622,0.18666666666666668,1.0,1.0,6.0,-1563.1953281834874,payload_2x,PID,-1,1,3
0.41295003889648413,0.41295003889648413,5.847114489252122,1.033757228763471,20.56042018714922,267.139871528155,0.18333333333333332,1.0,1.0,6.0,-1767.5018204272315,payload_2x,PID,-1,2,0
0.4127722243912207,0.4127722243912207,5.846104026945864,1.0328361452127781,20.57924037314028,273.0712301280539,0.18333333333333332,1.0,1.0,6.0,-1770.9990627271918,payload_2x,PID,-1,2,1
0.40966515980912344,0.40966515980912344,5.82781992657816,1.0240385881782788,21.670160400451174,470.4917240089683,0.18333333333333332,1.0,1.0,6.0,-1935.3956343494262,payload_2x,PID,-1,2,2
0.41208489558760897,0.41208489558760897,5.837755256711927,1.0301457982488755,20.60304285611203,274.90121544543047,0.18333333333333332,1.0,1.0,6.0,-1762.5322651284375,payload_2x,PID,-1,2,3
0.4232210163105216,0.4232210163105216,5.9940132229686744,1.054980409201624,20.689403732489424,282.8508283468368,0.19,1.0,1.0,6.0,-1822.7111624368306,payload_2x,PID,-1,3,0
0.4104512684170633,0.4104512684170633,5.8304350919594725,1.0265914143123118,21.480460242421124,433.9042383455144,0.18666666666666668,1.0,1.0,6.0,-1905.3218345267005,payload_2x,PID,-1,3,1
0.42522411160933193,0.42522411160933193,6.010927718412689,1.0617399161898804,20.537073469565676,254.395542740981,0.19,1.0,1.0,6.0,-1804.1635880851647,payload_2x,PID,-1,3,2
0.42593910326722306,0.42593910326722306,6.017360871217002,1.063869361971897,20.3942511157001,229.39175643804197,0.19,1.0,1.0,6.0,-1790.0451315154278,payload_2x,PID,-1,3,3
0.40911673568783197,0.40911673568783197,5.820846139576286,1.0222040384534326,21.30661246525168,398.9410292098948,0.18333333333333332,1.0,1.0,6.0,-1864.7338416304644,payload_2x,PID,-1,4,0
0.4253075842507741,0.4253075842507741,6.014605174822666,1.0621850410250815,20.58393579940452,263.591599616678,0.19,1.0,1.0,6.0,-1811.4091626538195,payload_2x,PID,-1,4,1
0.41007749288649836,0.41007749288649836,5.826843192261213,1.0245254497316743,21.193357381541013,379.3930219833756,0.18666666666666668,1.0,1.0,6.0,-1856.8492403919472,payload_2x,PID,-1,4,2
0.4236472200332354,0.4236472200332354,6.007898857757589,1.056361878864756,20.66159452894467,278.4407129481997,0.19,1.0,1.0,6.0,-1820.0750380226484,payload_2x,PID,-1,4,3
0.4301798568800413,0.4301798568800413,6.159458658555859,1.0377225015758773,26.310463473487026,1504.8786601847937,0.19333333333333333,1.0,1.0,6.0,-2724.9711153287567,payload_2x,Robust PID / SMC,-1,0,0
0.40811824765992766,0.40811824765992766,5.966101817557864,0.9795949495242319,26.280482923329693,1497.784691943611,0.18333333333333332,1.0,1.0,6.0,-2627.3699824722617,payload_2x,Robust PID / SMC,-1,0,1
0.4294270339343202,0.4294270339343202,6.1637451572913005,1.0336623658797743,26.28006531063617,1502.047289440082,0.19333333333333333,1.0,1.0,6.0,-2718.309233142032,payload_2x,Robust PID / SMC,-1,0,2
0.4311220184534544,0.4311220184534544,6.166637749442895,1.0403945926508282,26.270084527808308,1499.5438607455947,0.19666666666666666,1.0,1.0,6.0,-2713.323992691683,payload_2x,Robust PID / SMC,-1,0,3
0.4306873713384689,0.4306873713384689,6.162855134938579,1.0387861980510333,26.288773984721793,1501.7091662713797,0.19333333333333333,1.0,1.0,6.0,-2714.7632161113665,payload_2x,Robust PID / SMC,-1,1,0
0.4300121120803547,0.4300121120803547,6.1544790709039106,1.03869538002465,26.31382917876243,1503.7142145075466,0.19333333333333333,1.0,1.0,6.0,-2727.5892971065045,payload_2x,Robust PID / SMC,-1,1,1
0.4289841433380897,0.4289841433380897,6.162671531637228,1.0332873032817371,26.311628555325353,1506.9281133101233,0.19333333333333333,1.0,1.0,6.0,-2712.9488843928425,payload_2x,Robust PID / SMC,-1,1,2
0.43005108226438604,0.43005108226438604,6.174639445078631,1.0349010541646881,26.229791252243043,1493.2846943860834,0.19333333333333333,1.0,1.0,6.0,-2714.6482195526037,payload_2x,Robust PID / SMC,-1,1,3
0.41021442653503337,0.41021442653503337,5.973431205068049,0.9851425978584849,26.310853888352856,1502.2557171581552,0.18666666666666668,1.0,1.0,6.0,-2642.1890398610585,payload_2x,Robust PID / SMC,-1,2,0
0.40922497325594154,0.40922497325594154,5.9661169211980125,0.9814335492244729,26.299747533973036,1501.493415593834,0.18666666666666668,1.0,1.0,6.0,-2638.098605688558,payload_2x,Robust PID / SMC,-1,2,1
0.4083505993225091,0.4083505993225091,5.967438309908788,0.9784733390048276,26.367480705577535,1511.8970428338237,0.18333333333333332,1.0,1.0,6.0,-2647.2207422311844,payload_2x,Robust PID / SMC,-1,2,2
0.4096171183643451,0.4096171183643451,5.970224829979539,0.9826781157576596,26.30667478580222,1501.9137918384897,0.18666666666666668,1.0,1.0,6.0,-2638.8277757213855,payload_2x,Robust PID / SMC,-1,2,3
0.4289315073592735,0.4289315073592735,6.1493497484394135,1.0342960669580126,26.315358951605187,1507.3879769894813,0.19333333333333333,1.0,1.0,6.0,-2714.7409430910852,payload_2x,Robust PID / SMC,-1,3,0
0.4095771132364959,0.4095771132364959,5.9664879124480255,0.9836501796878173,26.356737614134513,1510.2328995533944,0.18666666666666668,1.0,1.0,6.0,-2648.1869315999716,payload_2x,Robust PID / SMC,-1,3,1
0.43081726206632875,0.43081726206632875,6.166440842968009,1.0384891251747905,26.27839084291126,1500.7037255580394,0.19333333333333333,1.0,1.0,6.0,-2713.4683037000714,payload_2x,Robust PID / SMC,-1,3,2
0.42987362369063803,0.42987362369063803,6.151879928512866,1.0386701926555957,26.30917619632631,1501.3556293310942,0.19333333333333333,1.0,1.0,6.0,-2726.413724427851,payload_2x,Robust PID / SMC,-1,3,3
0.4077490533372406,0.4077490533372406,5.9603518097470545,0.9778143244727537,26.360100074552243,1510.276967501174,0.18333333333333332,1.0,1.0,6.0,-2634.1892800270007,payload_2x,Robust PID / SMC,-1,4,0
0.43019100548290173,0.43019100548290173,6.15984491798837,1.0376952127010124,26.30152593523309,1504.4969274068417,0.19333333333333333,1.0,1.0,6.0,-2723.862175420052,payload_2x,Robust PID / SMC,-1,4,1
0.40895421663053033,0.40895421663053033,5.964606078701285,0.9814674127490839,26.348867078517443,1509.6054953707371,0.18666666666666668,1.0,1.0,6.0,-2643.85328218847,payload_2x,Robust PID / SMC,-1,4,2
0.4285918121246309,0.4285918121246309,6.1582477242491205,1.032861328207115,26.30985589631199,1507.3811249145283,0.19333333333333333,1.0,1.0,6.0,-2714.6998396843446,payload_2x,Robust PID / SMC,-1,4,3
0.4464625958710709,0.4464625958710709,6.839159816416844,1.0545599746988608,19.98833625512029,437.17901216170907,0.21333333333333335,1.0,1.0,6.0,-1071.3297241157566,payload_2x,Tuned fuzzy,-1,0,0
0.43753701591003497,0.43753701591003497,6.720480992438169,1.0363951032725796,20.192996171197507,500.9401677833234,0.21,1.0,1.0,6.0,-1053.6942396562847,payload_2x,Tuned fuzzy,-1,0,1
0.44355945725529683,0.44355945725529683,6.79915037919395,1.047396182392068,20.27473811191021,530.0418761701325,0.21,1.0,1.0,6.0,-1084.1817593464061,payload_2x,Tuned fuzzy,-1,0,2
0.4458877321381299,0.4458877321381299,6.8333712042050045,1.0528829549426633,20.259796366215447,528.842322934654,0.21333333333333335,1.0,1.0,6.0,-1091.3468096948645,payload_2x,Tuned fuzzy,-1,0,3
0.44524691669424765,0.44524691669424765,6.82560024946885,1.050712506832325,19.901207359360075,411.4136684835162,0.21333333333333335,1.0,1.0,6.0,-1063.185194904689,payload_2x,Tuned fuzzy,-1,1,0
0.44692695338781774,0.44692695338781774,6.846442127195913,1.0554253932273983,20.229746808047828,511.03477627419954,0.21333333333333335,1.0,1.0,6.0,-1090.3963748447436,payload_2x,Tuned fuzzy,-1,1,1
0.4442721137925427,0.4442721137925427,6.808662817461175,1.049517557632932,20.239461257533733,520.5098016145778,0.21,1.0,1.0,6.0,-1084.3618107452921,payload_2x,Tuned fuzzy,-1,1,2
0.43704771011105303,0.43704771011105303,6.713443993275023,1.0348036877733437,19.946337231233823,422.825493049265,0.21,1.0,1.0,6.0,-1037.8305711514502,payload_2x,Tuned fuzzy,-1,1,3
0.43943225269768027,0.43943225269768027,6.748934621165781,1.0405816451595689,20.22379882811136,513.1249321130334,0.21,1.0,1.0,6.0,-1064.9885952076575,payload_2x,Tuned fuzzy,-1,2,0
0.43878195443274676,0.43878195443274676,6.7401607676593365,1.0388036251157706,20.20137548536103,506.0123564222877,0.21,1.0,1.0,6.0,-1063.133017221,payload_2x,Tuned fuzzy,-1,2,1
0.4363316485935786,0.4363316485935786,6.7027265467400206,1.0326051311070625,19.906340424406146,411.82297815865985,0.20666666666666667,1.0,1.0,6.0,-1031.056774365729,payload_2x,Tuned fuzzy,-1,2,2
0.4377325391309467,0.4377325391309467,6.7266705055359735,1.0358373909864398,20.17126596837809,487.43064358590055,0.21,1.0,1.0,6.0,-1052.6885378463664,payload_2x,Tuned fuzzy,-1,2,3
0.44394668637065926,0.44394668637065926,6.80480400794061,1.04801529116628,20.045378924685203,452.3356758483564,0.21,1.0,1.0,6.0,-1067.9630504363492,payload_2x,Tuned fuzzy,-1,3,0
0.4380733139679095,0.4380733139679095,6.729018703222275,1.0368796056723835,19.931802341455622,420.23811150333955,0.21,1.0,1.0,6.0,-1036.8033328281488,payload_2x,Tuned fuzzy,-1,3,1
0.4463876406082404,0.4463876406082404,6.840565662936352,1.0538693862591333,19.92125228426464,421.71348369143806,0.21333333333333335,1.0,1.0,6.0,-1069.9617592465424,payload_2x,Tuned fuzzy,-1,3,2
0.439245269141656,0.439245269141656,6.747216399554862,1.0396937427992314,20.221030833229122,505.62919246864465,0.21,1.0,1.0,6.0,-1060.26373910141,payload_2x,Tuned fuzzy,-1,3,3
0.4369391669593886,0.4369391669593886,6.712915961614377,1.0343515757130715,20.273694137029107,520.1671595378234,0.20666666666666667,1.0,1.0,6.0,-1056.8672657389268,payload_2x,Tuned fuzzy,-1,4,0
0.4466940273639923,0.4466940273639923,6.843810898109863,1.0551469195637178,20.260454735312063,528.632981472933,0.21333333333333335,1.0,1.0,6.0,-1092.7273976262952,payload_2x,Tuned fuzzy,-1,4,1
0.4375545687578052,0.4375545687578052,6.723238856462803,1.0356219481860998,20.266914544101,520.7776755750906,0.21,1.0,1.0,6.0,-1059.3209161925868,payload_2x,Tuned fuzzy,-1,4,2
0.44445821980610334,0.44445821980610334,6.809976615524929,1.0500068206305453,20.12818940269301,484.7230271316436,0.21,1.0,1.0,6.0,-1077.0557616844117,payload_2x,Tuned fuzzy,-1,4,3
0.6356094052658164,1.8302458010409595,2.02388672041024,2.5288631576109233,15.61246506343843,57.14264524338378,0.11851851851851852,1.0,0.0,2.7,-1123.613176669521,payload_2x,DDPG direct,0,0,0
0.6224262461304148,1.8233013672407457,1.9783203920726726,2.512255681153192,15.45986562248728,56.55801207799321,0.11764705882352941,1.0,0.0,2.72,-1094.6371254374237,payload_2x,DDPG direct,0,0,1
0.6145071045404027,1.8220832230244637,1.9502805769900355,2.488564281855225,15.367593418563763,54.86595391176618,0.11764705882352941,1.0,0.0,2.72,-1076.8164139955602,payload_2x,DDPG direct,0,0,2
0.6150575938856908,1.8221674225642364,1.9512170815817447,2.4949533213963955,15.356621599671016,55.43917376419342,0.11764705882352941,1.0,0.0,2.72,-1079.0675899217345,payload_2x,DDPG direct,0,0,3
0.6581164338800435,1.4251954491858616,5.745047847367147,2.4336134466181782,15.265711763945358,42.83092675226299,0.16666666666666666,1.0,0.0,4.199999999999999,-1693.455859095743,payload_2x,DDPG direct,1,1,0
0.6584025869939993,1.4252879626911445,5.740806309545146,2.4587758776472266,15.49860420476144,42.22203206223597,0.16666666666666666,1.0,0.0,4.199999999999999,-1712.5858516683443,payload_2x,DDPG direct,1,1,1
0.653943042108058,1.4238500804596945,5.7212107038041315,2.412356446219702,15.350078639619744,42.21072632425816,0.16666666666666666,1.0,0.0,4.199999999999999,-1687.7194077299775,payload_2x,DDPG direct,1,1,2
0.6585678206360113,1.4253413984249828,5.753616313114276,2.422297618504872,15.214613452108818,43.115785808263,0.16666666666666666,1.0,0.0,4.199999999999999,-1689.0116834809635,payload_2x,DDPG direct,1,1,3
0.934787405147586,2.198096272604156,0.6702985881232133,2.403801678147289,11.476676213025568,70.6173120539379,0.38596491228070173,1.0,0.0,1.1400000000000001,-840.0533076126776,payload_2x,DDPG direct,2,2,0
0.981610941567766,2.1983376161356727,0.7269747744918238,2.5206908959714043,11.621548177773054,72.58792686044545,0.39655172413793105,1.0,0.0,1.1600000000000001,-922.1836501028966,payload_2x,DDPG direct,2,2,1
0.9829673839405031,2.216551314187736,0.6101142880218345,2.5020674235049163,11.25852321220863,78.49175503677678,0.39622641509433965,1.0,0.0,1.06,-873.37302523374,payload_2x,DDPG direct,2,2,2
0.9789463423168236,2.20537737715762,0.6766892772415086,2.5074047848085126,11.519620640952196,74.62092091754165,0.39285714285714285,1.0,0.0,1.12,-892.2779524379905,payload_2x,DDPG direct,2,2,3
0.7107576600422612,1.5138746506444234,6.062882045765675,2.4132721534096686,19.283281611919154,37.45704845884298,0.5252525252525253,1.0,0.0,3.96,-1797.682803924907,payload_2x,DDPG direct,3,3,0
0.7172799488240909,1.5159036072554741,6.113814032271442,2.435877416293501,19.28769658181768,33.96178095747222,0.5252525252525253,1.0,0.0,3.96,-1821.039024833581,payload_2x,DDPG direct,3,3,1
0.7159375030177687,1.5154847064322452,6.084874635047241,2.4473115435483574,19.192681052587186,36.68482251911453,0.5202020202020202,1.0,0.0,3.96,-1815.8693039481927,payload_2x,DDPG direct,3,3,2
0.7204423987936208,1.5168930697272218,6.147611000962863,2.431008517197584,19.379298580856933,35.725171312122214,0.5303030303030303,1.0,0.0,3.96,-1832.1041848850587,payload_2x,DDPG direct,3,3,3
0.977566003513655,2.194343092425243,0.7705431712821096,2.5238377686795728,15.927898379976599,95.3237348086368,0.559322033898305,1.0,0.0,1.18,-1037.6029479163576,payload_2x,DDPG direct,4,4,0
0.9747754214049846,2.194098934421099,0.7713467484742572,2.4903798741194527,16.088218657801956,92.84688822233628,0.5932203389830508,1.0,0.0,1.18,-1039.6952235598958,payload_2x,DDPG direct,4,4,1
0.9674598070991561,2.1934620505970215,0.7607466795232704,2.5147878141190616,15.755134319145654,94.96668194990913,0.5423728813559322,1.0,0.0,1.18,-1007.7691436729756,payload_2x,DDPG direct,4,4,2
0.989101530425635,2.195359490996049,0.7845910178450975,2.5017673294803364,16.219027828558982,92.90108130256532,0.6101694915254238,1.0,0.0,1.18,-1066.6812717398657,payload_2x,DDPG direct,4,4,3
0.44693287075420873,0.44693287075420873,6.747930436465227,1.0729261025467325,18.690234245719264,93.279563649048,0.21,0.5436334278774968,1.0,6.0,-972.0873638535281,payload_2x,Eval-gated Fuzzy-TD3,0,0,0
0.445105917354758,0.445105917354758,6.712601740887427,1.0682471469403536,18.69998144618269,102.84305983526932,0.21,0.5415475971202525,1.0,6.0,-959.3264776430005,payload_2x,Eval-gated Fuzzy-TD3,0,0,1
0.44445157629213616,0.44445157629213616,6.710920390141581,1.0657225943834574,18.670875359040163,91.30123494532049,0.21,0.5444350061757496,1.0,6.0,-955.5405772275562,payload_2x,Eval-gated Fuzzy-TD3,0,0,2
0.4462641475052565,0.4462641475052565,6.747074451528568,1.0704794545645495,18.624200173587628,61.74805298869553,0.21,0.5451345734960971,1.0,6.0,-965.9712468532622,payload_2x,Eval-gated Fuzzy-TD3,0,0,3
0.42708820918283585,0.42708820918283585,5.779810129050962,1.0737246371506906,19.152671785945955,69.04134887559646,0.19,0.5228059245657956,1.0,6.0,-922.2269018640661,payload_2x,Eval-gated Fuzzy-TD3,1,1,0
0.4279833502354267,0.4279833502354267,5.800098824140164,1.0765760791282049,19.15304111874067,68.99822347864554,0.19333333333333333,0.5262449919812657,1.0,6.0,-931.3015357373598,payload_2x,Eval-gated Fuzzy-TD3,1,1,1
0.4266772148391291,0.4266772148391291,5.775323913555033,1.0724784545487391,19.13900442678186,73.54040234290534,0.19,0.5202557374192154,1.0,6.0,-927.1497593132482,payload_2x,Eval-gated Fuzzy-TD3,1,1,2
0.4268007412666763,0.4268007412666763,5.774075515560551,1.0727338406696163,19.13157044961809,72.34130049560699,0.19,0.5220141836482816,1.0,6.0,-930.5080874764263,payload_2x,Eval-gated Fuzzy-TD3,1,1,3
0.43285699079478646,0.43285699079478646,6.187594104047901,1.080609140578304,19.010554219284863,60.694807442418764,0.19333333333333333,0.5436125775942595,1.0,6.0,-934.4942088313103,payload_2x,Eval-gated Fuzzy-TD3,2,2,0
0.4323744680313306,0.4323744680313306,6.182207649490215,1.0782948538376207,18.997920346104333,64.24459485845931,0.19333333333333333,0.5431483312952111,1.0,6.0,-941.6395281804023,payload_2x,Eval-gated Fuzzy-TD3,2,2,1
0.43115419532589977,0.43115419532589977,6.172259437024589,1.0733173023200966,19.02002590091979,63.65787208042132,0.19333333333333333,0.5435193430580312,1.0,6.0,-937.5027273039368,payload_2x,Eval-gated Fuzzy-TD3,2,2,2
0.43167415897284794,0.43167415897284794,6.179550310481214,1.0760916096818174,19.018440013730594,55.89569107608717,0.19333333333333333,0.5420986622300766,1.0,6.0,-934.8390094218715,payload_2x,Eval-gated Fuzzy-TD3,2,2,3
0.44116388723597727,0.44116388723597727,6.5691396854749575,1.0892197750543007,18.757173436421525,86.12916833272354,0.2,0.561398968977268,1.0,6.0,-1010.161886852038,payload_2x,Eval-gated Fuzzy-TD3,3,3,0
0.4419948943853914,0.4419948943853914,6.581555629876846,1.091692194661736,18.750142054825687,93.93406126286428,0.2,0.5608317953075861,1.0,6.0,-1003.273047541962,payload_2x,Eval-gated Fuzzy-TD3,3,3,1
0.442686171137287,0.442686171137287,6.592628244024006,1.0934816435492392,18.785520784362863,100.34734891097987,0.2,0.5601350094101963,1.0,6.0,-1005.2229881818175,payload_2x,Eval-gated Fuzzy-TD3,3,3,2
0.44255970615465834,0.44255970615465834,6.603931193629282,1.0943358933315779,18.75175719621711,96.27586288467943,0.2,0.5688972432323621,1.0,6.0,-1021.5407007140491,payload_2x,Eval-gated Fuzzy-TD3,3,3,3
0.441014581677769,0.441014581677769,6.296477061345804,1.1065873333123881,19.161803457959582,185.11085555010885,0.19666666666666666,0.5478388062057743,1.0,6.0,-1041.4931079536989,payload_2x,Eval-gated Fuzzy-TD3,4,4,0
0.44394243197125316,0.44394243197125316,6.339030766679274,1.1131027469820773,19.09122819594383,177.73221539754283,0.2,0.5557191770422956,1.0,6.0,-1050.9908606468725,payload_2x,Eval-gated Fuzzy-TD3,4,4,1
0.4417923226210209,0.4417923226210209,6.315771442267814,1.1077395590187449,19.12544862330245,185.03998904617788,0.19666666666666666,0.5550844626754429,1.0,6.0,-1045.809701757494,payload_2x,Eval-gated Fuzzy-TD3,4,4,2
0.4422967498723385,0.4422967498723385,6.35645512958275,1.1081267233697476,19.114807026780564,182.35316235319442,0.19666666666666666,0.5787728725364678,1.0,6.0,-1051.8993254630186,payload_2x,Eval-gated Fuzzy-TD3,4,4,3
0.37159672038756986,0.37159672038756986,5.794176289454283,0.8931972798853244,19.91671413183789,102.32847090732656,0.16333333333333333,1.0,1.0,6.0,-741.0059242935345,payload_2x,Fuzzy-SAC residual,0,0,0
0.3664064851621912,0.3664064851621912,5.6988587667276045,0.8878416421991194,19.815271251338988,88.6127390206893,0.16,1.0,1.0,6.0,-712.964737416491,payload_2x,Fuzzy-SAC residual,0,0,1
0.3648808311637314,0.3648808311637314,5.659766263783439,0.8881664211855671,19.71235133980019,64.53166175059553,0.16,1.0,1.0,6.0,-700.605227004248,payload_2x,Fuzzy-SAC residual,0,0,2
0.3709299029409715,0.3709299029409715,5.763542616681103,0.8932329553977972,19.835262546769016,100.2336512212919,0.16333333333333333,1.0,1.0,6.0,-738.1231497292794,payload_2x,Fuzzy-SAC residual,0,0,3
0.3949517359435755,0.3949517359435755,6.1003519028826565,0.935047263785682,19.882492372662607,29.81195783630921,0.18333333333333332,1.0,1.0,6.0,-841.6805462574313,payload_2x,Fuzzy-SAC residual,1,1,0
0.39743600840684673,0.39743600840684673,6.143226313901842,0.9366463613882136,19.966838959323866,16.640700673858888,0.18333333333333332,1.0,1.0,6.0,-853.8610092592266,payload_2x,Fuzzy-SAC residual,1,1,1
0.3956215926079237,0.3956215926079237,6.113860111865877,0.936826419181859,19.906241642573168,28.317400681251602,0.18333333333333332,1.0,1.0,6.0,-844.4942175653379,payload_2x,Fuzzy-SAC residual,1,1,2
0.3946315136722643,0.3946315136722643,6.084891581402662,0.937977735836417,19.84152338754209,17.074712329085788,0.18333333333333332,1.0,1.0,6.0,-840.4274376784083,payload_2x,Fuzzy-SAC residual,1,1,3
0.40138510833169744,0.40138510833169744,6.072831351344817,0.9605548690397235,19.72773374275744,25.71970959118671,0.18333333333333332,1.0,1.0,6.0,-876.8139590783969,payload_2x,Fuzzy-SAC residual,2,2,0
0.4006991673358884,0.4006991673358884,6.069022691102035,0.9584931822020947,19.72036423266739,20.607901161397447,0.18333333333333332,1.0,1.0,6.0,-875.6017545780625,payload_2x,Fuzzy-SAC residual,2,2,1
0.39920255858940457,0.39920255858940457,6.045373318959544,0.9535349030292463,19.745489058893792,22.050344224478653,0.18333333333333332,1.0,1.0,6.0,-865.661344949931,payload_2x,Fuzzy-SAC residual,2,2,2
0.4001386484533523,0.4001386484533523,6.0569532466454294,0.9558943701242163,19.740509363815185,21.96495193637548,0.18333333333333332,1.0,1.0,6.0,-873.148312003475,payload_2x,Fuzzy-SAC residual,2,2,3
0.36885034828631186,0.36885034828631186,5.548751210449296,0.9130867496449866,19.812249695972596,41.396688108365446,0.16333333333333333,1.0,1.0,6.0,-733.8671886116324,payload_2x,Fuzzy-SAC residual,3,3,0
0.37031965872601547,0.37031965872601547,5.541022090468383,0.918341411027214,19.743620756514932,42.408572549665365,0.16666666666666666,1.0,1.0,6.0,-736.6663777329371,payload_2x,Fuzzy-SAC residual,3,3,1
0.37105246238872275,0.37105246238872275,5.547460447904187,0.9226027679071294,19.707296157874232,33.261391254833164,0.16666666666666666,1.0,1.0,6.0,-742.3948474097283,payload_2x,Fuzzy-SAC residual,3,3,2
0.3705028077651288,0.3705028077651288,5.581441754145357,0.9130942491764004,19.874712689714453,32.85062975525923,0.16666666666666666,1.0,1.0,6.0,-747.9451470803399,payload_2x,Fuzzy-SAC residual,3,3,3
0.38423908692517816,0.38423908692517816,6.028801321519284,0.9092507076630119,20.22011133227176,31.076878205495667,0.16666666666666666,1.0,1.0,6.0,-801.5430671490174,payload_2x,Fuzzy-SAC residual,4,4,0
0.3858193426854328,0.3858193426854328,6.038019693209522,0.913689386919266,20.205767126743968,31.510812515416838,0.16666666666666666,1.0,1.0,6.0,-814.353999424317,payload_2x,Fuzzy-SAC residual,4,4,1
0.38464190795785874,0.38464190795785874,6.029709833759802,0.909177009201076,20.20361019752732,30.90425431426471,0.16666666666666666,1.0,1.0,6.0,-809.5630722483186,payload_2x,Fuzzy-SAC residual,4,4,2
0.3847741964209777,0.3847741964209777,6.031299640717904,0.9118131942418027,20.20271905515947,31.77978974467797,0.16666666666666666,1.0,1.0,6.0,-805.1673651579293,payload_2x,Fuzzy-SAC residual,4,4,3
0.4037235199865391,0.4037235199865391,6.3291512827222665,0.9665783801550626,19.16474431919339,45.74281456050001,0.19,1.0,1.0,6.0,-827.3671602212903,payload_2x,Fuzzy-TD3 residual,0,0,0
0.40233380369050337,0.40233380369050337,6.299998267714858,0.9648215509707578,19.150153472209695,51.3673915308738,0.19,1.0,1.0,6.0,-822.5238712149737,payload_2x,Fuzzy-TD3 residual,0,0,1
0.4017890942672727,0.4017890942672727,6.293390542274217,0.9629367898488533,19.13610721782618,47.61986042678249,0.19,1.0,1.0,6.0,-820.8950227928885,payload_2x,Fuzzy-TD3 residual,0,0,2
0.40302611480732525,0.40302611480732525,6.319209034394404,0.9639527273638804,19.13942237715473,44.63615725862007,0.19,1.0,1.0,6.0,-824.9476612519724,payload_2x,Fuzzy-TD3 residual,0,0,3
0.36544674657548226,0.36544674657548226,5.630420863848905,0.9012846565113155,19.577511050352182,19.870704122235416,0.16666666666666666,1.0,1.0,6.0,-712.1538689737955,payload_2x,Fuzzy-TD3 residual,1,1,0
0.36623464841013703,0.36623464841013703,5.632680068682943,0.9030252937479254,19.58799467931047,20.83187126249266,0.16666666666666666,1.0,1.0,6.0,-712.7122291479112,payload_2x,Fuzzy-TD3 residual,1,1,1
0.36473690192301944,0.36473690192301944,5.6300445250011135,0.9013926741168867,19.562630530989658,18.40059365031412,0.16333333333333333,1.0,1.0,6.0,-700.3916924752216,payload_2x,Fuzzy-TD3 residual,1,1,2
0.3648754428972185,0.3648754428972185,5.634057405823023,0.9013175720528264,19.555556877619807,18.633755146975176,0.16333333333333333,1.0,1.0,6.0,-703.5926032671348,payload_2x,Fuzzy-TD3 residual,1,1,3
0.38424077506799414,0.38424077506799414,5.663498222509592,0.9653037163211536,19.326933828931164,16.336316242299603,0.17,1.0,1.0,6.0,-766.2779616392697,payload_2x,Fuzzy-TD3 residual,2,2,0
0.3834026311589034,0.3834026311589034,5.652665557048299,0.9649086975678145,19.315564652457127,15.757523498738799,0.17,1.0,1.0,6.0,-763.5730589685874,payload_2x,Fuzzy-TD3 residual,2,2,1
0.3816656798086462,0.3816656798086462,5.616222463994013,0.9606096020574603,19.35111615779419,18.11134200477699,0.16666666666666666,1.0,1.0,6.0,-741.9966334806975,payload_2x,Fuzzy-TD3 residual,2,2,2
0.38284031741491115,0.38284031741491115,5.639816515233366,0.9608240909252629,19.347840772269194,16.25909187504946,0.17,1.0,1.0,6.0,-754.7743607346795,payload_2x,Fuzzy-TD3 residual,2,2,3
0.3810206791631251,0.3810206791631251,6.014890428208359,0.9230341021879616,19.72504892748155,36.059229625213526,0.17,1.0,1.0,6.0,-782.0874428654821,payload_2x,Fuzzy-TD3 residual,3,3,0
0.3777954551151492,0.3777954551151492,5.843796030191099,0.9287454420926127,19.605913767450858,39.73433218235647,0.17,1.0,1.0,6.0,-762.9447263381081,payload_2x,Fuzzy-TD3 residual,3,3,1
0.37663997813828975,0.37663997813828975,5.71592021151231,0.9397046887669197,19.433352378076258,36.790636122747664,0.16666666666666666,1.0,1.0,6.0,-743.854648045934,payload_2x,Fuzzy-TD3 residual,3,3,2
0.38955979744274444,0.38955979744274444,6.2767307407073,0.9179278009212103,19.869820244475818,37.27773435049719,0.17,1.0,1.0,6.0,-805.182265919352,payload_2x,Fuzzy-TD3 residual,3,3,3
0.4336135871882277,0.4336135871882277,6.722156008924546,1.044194516157485,19.034301078111895,136.17256679153556,0.18333333333333332,1.0,1.0,6.0,-1013.3781901701129,payload_2x,Fuzzy-TD3 residual,4,4,0
0.43834212360838287,0.43834212360838287,6.783256869731891,1.053161329012915,18.95334365862218,140.5505905390947,0.18333333333333332,1.0,1.0,6.0,-1038.584690948787,payload_2x,Fuzzy-TD3 residual,4,4,1
0.4372297009715205,0.4372297009715205,6.779286178037497,1.0488507175719273,18.952290002006347,143.93010860422012,0.18333333333333332,1.0,1.0,6.0,-1028.6114262275673,payload_2x,Fuzzy-TD3 residual,4,4,2
0.43378579984073473,0.43378579984073473,6.717865633505121,1.0460218370194865,19.037656293976926,141.7594822298786,0.18333333333333332,1.0,1.0,6.0,-1014.9100579463241,payload_2x,Fuzzy-TD3 residual,4,4,3
0.4527762415524741,0.4527762415524741,6.815309503424784,1.1512305165916243,18.84923168163266,156.9801200338102,0.19666666666666666,0.46505236756268564,1.0,6.0,-1071.2511798059215,payload_2x,Gated Fuzzy-TD3,0,0,0
0.4527110865900091,0.4527110865900091,6.8437110153015706,1.148847242898847,18.799946446044228,151.75616390025172,0.19666666666666666,0.46601419660677446,1.0,6.0,-1080.2162930293516,payload_2x,Gated Fuzzy-TD3,0,0,1
0.4522637858073687,0.4522637858073687,6.8488198481727816,1.1472106169863774,18.75028182303453,141.25963261216128,0.19666666666666666,0.4689233235950562,1.0,6.0,-1078.455496368239,payload_2x,Gated Fuzzy-TD3,0,0,2
0.45205080764677014,0.45205080764677014,6.830256649367305,1.1520411523639473,18.812510993585263,154.19474719088637,0.19666666666666666,0.4686375290104227,1.0,6.0,-1071.4178446506173,payload_2x,Gated Fuzzy-TD3,0,0,3
0.450616903649291,0.450616903649291,6.489204246048397,1.241862422395042,18.79322647202483,25.49103133822352,0.19,0.4428013869722027,1.0,6.0,-992.0722098299353,payload_2x,Gated Fuzzy-TD3,1,1,0
0.4518122923931415,0.4518122923931415,6.54799883463815,1.246217153332157,18.824553803484932,27.00853476028448,0.18666666666666668,0.44748132575365257,1.0,6.0,-994.9194918826673,payload_2x,Gated Fuzzy-TD3,1,1,1
0.44964779960255025,0.44964779960255025,6.464412699710304,1.2335325651345725,18.791055147821663,25.064709831189642,0.19,0.4387804492970942,1.0,6.0,-995.0481714905857,payload_2x,Gated Fuzzy-TD3,1,1,2
0.450313558568846,0.450313558568846,6.475233202902791,1.2348309650129274,18.766360906920102,24.87860515199363,0.19,0.44228080411420206,1.0,6.0,-1010.6506111697997,payload_2x,Gated Fuzzy-TD3,1,1,3
0.43911958610419716,0.43911958610419716,6.581349432780147,1.0925816738741763,18.606733952064392,123.59168051236469,0.19333333333333333,0.4619573475020573,1.0,6.0,-997.6690537373983,payload_2x,Gated Fuzzy-TD3,2,2,0
0.4378301117628161,0.4378301117628161,6.586512621135434,1.0890064496971275,18.621938736604626,119.70680786768901,0.19666666666666666,0.4623313043039165,1.0,6.0,-994.3749378533498,payload_2x,Gated Fuzzy-TD3,2,2,1
0.43627179192056104,0.43627179192056104,6.545792914847822,1.079808533230747,18.632802044540217,126.20374986029591,0.19333333333333333,0.4611614221835913,1.0,6.0,-987.8967262270525,payload_2x,Gated Fuzzy-TD3,2,2,2
0.43651488905298597,0.43651488905298597,6.5512753118000235,1.085273512839007,18.597038046766755,116.54050318922884,0.19333333333333333,0.4583050725644508,1.0,6.0,-979.4141238822871,payload_2x,Gated Fuzzy-TD3,2,2,3
0.6211893648829377,0.6211893648829377,9.633200525097326,1.7464264259514681,17.505283956682863,281.56980486321487,0.20666666666666667,0.7297079819716904,1.0,6.0,-1881.0604190542274,payload_2x,Gated Fuzzy-TD3,3,3,0
0.5053012194313111,0.5053012194313111,8.063916905550585,1.310551249510506,18.065431436917567,136.99874829231547,0.20333333333333334,0.6011734231095632,1.0,6.0,-1318.6464596170017,payload_2x,Gated Fuzzy-TD3,3,3,1
0.6239478834950987,0.6239478834950987,9.634153698671895,1.7580499504624665,17.57694524792495,279.4299945722629,0.20666666666666667,0.7283547870848285,1.0,6.0,-1907.260672718393,payload_2x,Gated Fuzzy-TD3,3,3,2
0.5925270600748913,0.5925270600748913,9.193431700261407,1.6706546357717689,17.62113754670058,185.78136005266612,0.20666666666666667,0.6957802454160926,1.0,6.0,-1724.0074860335048,payload_2x,Gated Fuzzy-TD3,3,3,3
0.4392921623721124,0.4392921623721124,6.465848193246195,1.054354701007239,18.626065998981787,68.038904514738,0.20666666666666667,0.455262110231383,1.0,6.0,-981.4597293865249,payload_2x,Gated Fuzzy-TD3,4,4,0
0.44131773795973994,0.44131773795973994,6.5052975408114655,1.063528900728341,18.595173391373727,65.0913436102632,0.21,0.45641135096218466,1.0,6.0,-987.7838071681465,payload_2x,Gated Fuzzy-TD3,4,4,1
0.4400866583002912,0.4400866583002912,6.482987803643968,1.0566405738438405,18.595984500474962,65.211138169743,0.20666666666666667,0.4575909819511395,1.0,6.0,-991.5760051110855,payload_2x,Gated Fuzzy-TD3,4,4,2
0.4405739538975117,0.4405739538975117,6.487726309464851,1.0573917028110387,18.59406376246936,72.88128517398546,0.21,0.45770231297075165,1.0,6.0,-989.7240163209392,payload_2x,Gated Fuzzy-TD3,4,4,3
0.8262341975491851,2.0665545718494647,1.3089851664084509,2.510685587170602,14.958208337696739,37.95708764472678,0.2840909090909091,1.0,0.0,1.76,-1046.7969988331695,payload_2x,SAC direct,0,0,0
0.8193815403862519,2.0821114548561535,1.159009197405426,2.470944385700481,14.34597043881825,55.30111744302026,0.27380952380952384,1.0,0.0,1.6800000000000002,-985.0643033127839,payload_2x,SAC direct,0,0,1
0.8329202675874919,2.083615062386583,1.1765778026794835,2.504099750334277,14.273300581206792,49.04233904247082,0.2857142857142857,1.0,0.0,1.6800000000000002,-1017.2970881455802,payload_2x,SAC direct,0,0,2
0.8279358468484459,2.0830587544807906,1.1716731273321084,2.4904008393572834,14.269357673531333,69.52865285450586,0.27380952380952384,1.0,0.0,1.6800000000000002,-1008.3362800851077,payload_2x,SAC direct,0,0,3
0.8106419028804838,2.0647423938868665,1.2767746396178026,2.541192925647368,19.348348109028183,38.01081640317701,0.26136363636363635,1.0,0.0,1.76,-1172.5788241457303,payload_2x,SAC direct,1,1,0
0.810958372930889,2.0811878759822426,1.1527349112945084,2.5006314340402302,19.212034521799485,38.267057064634045,0.2619047619047619,1.0,0.0,1.6800000000000002,-1118.7874967469866,payload_2x,SAC direct,1,1,1
0.7721436442795722,2.064582205712911,1.1945116037689145,2.4053042179233843,19.47541287294467,37.51171143049105,0.25287356321839083,1.0,0.0,1.74,-1089.490306608713,payload_2x,SAC direct,1,1,2
0.8044412030092326,2.0886553116188677,1.074346923657909,2.462207124851501,18.79554594271741,39.68577770400525,0.2682926829268293,1.0,0.0,1.6400000000000001,-1075.19915989861,payload_2x,SAC direct,1,1,3
0.5369490076931119,1.2726970466530438,5.195093542096919,2.519119567996553,17.98748602221637,17.87330724242833,0.09251101321585903,1.0,0.0,4.54,-1486.211944363796,payload_2x,SAC direct,2,2,0
0.5333114303145425,1.2715392057749542,5.170045786330901,2.500103099873179,17.977318327486604,17.708993059903946,0.09251101321585903,1.0,0.0,4.54,-1468.0445251236547,payload_2x,SAC direct,2,2,1
0.5217840862579644,1.267915230626713,5.09398143560962,2.423669900540348,18.025818561398953,18.596878849610732,0.09251101321585903,1.0,0.0,4.54,-1433.7106095630763,payload_2x,SAC direct,2,2,2
0.5267417701645033,1.2694653921802144,5.12385047954267,2.456352396697983,18.01907191125987,17.55346989611075,0.09251101321585903,1.0,0.0,4.54,-1445.7511929670602,payload_2x,SAC direct,2,2,3
0.941366890791991,2.1800784700180875,0.8053121508052994,2.492620646232503,13.718457102102448,77.85806241496036,0.4838709677419355,1.0,0.0,1.24,-985.1194502463563,payload_2x,SAC direct,3,3,0
0.8585271208223598,2.1380457478893464,0.9513339339436134,2.406810737971376,14.404405285910194,68.43134270503081,0.4084507042253521,1.0,0.0,1.4200000000000002,-943.8431451730462,payload_2x,SAC direct,3,3,1
0.9262701494241087,2.1636900900399563,0.8894458913670706,2.514092643402196,14.07920135295145,74.69684043782844,0.45454545454545453,1.0,0.0,1.32,-1007.1475734569818,payload_2x,SAC direct,3,3,2
0.9231130889874485,2.1859614715296307,0.7442245145554597,2.418935466201683,13.681108225489412,76.26336110171111,0.48333333333333334,1.0,0.0,1.2,-936.5343670230566,payload_2x,SAC direct,3,3,3
0.7176196200841929,1.8151693094560066,2.9140988089175948,2.4218577829974355,14.094625798745543,34.78259054957096,0.19148936170212766,1.0,0.0,2.8200000000000003,-1227.411695993365,payload_2x,SAC direct,4,4,0
0.7301812773950105,1.8127229859117704,2.988468318238464,2.473522211812522,14.033701499564291,33.72924907161596,0.19718309859154928,1.0,0.0,2.84,-1271.4496193146413,payload_2x,SAC direct,4,4,1
0.7254205310023808,1.811818021073095,2.9652794619728575,2.464958312372534,13.988469430750568,34.221574081131564,0.19014084507042253,1.0,0.0,2.84,-1260.2264245464257,payload_2x,SAC direct,4,4,2
0.7371795270110401,1.8140631916743135,3.020511179784994,2.4841717958330802,14.04516482708623,34.09962400846265,0.19718309859154928,1.0,0.0,2.84,-1287.5575724288733,payload_2x,SAC direct,4,4,3
0.8147489995970845,1.5315210330487732,6.532346903547719,2.4029159665316517,15.65491084315199,23.452669122712827,0.23383084577114427,1.0,0.0,4.02,-2101.552562329273,payload_2x,TD3 direct,0,0,0
0.8316578529796578,1.5265712356321217,6.854009052545457,2.433514690497376,15.56167107916218,23.14061691712794,0.2413793103448276,1.0,0.0,4.06,-2189.1153974066538,payload_2x,TD3 direct,0,0,1
0.8239370452056014,1.523735615360939,6.805271496791474,2.40120803646784,15.516156302884282,22.831019730684993,0.23645320197044334,1.0,0.0,4.06,-2153.7238697723105,payload_2x,TD3 direct,0,0,2
0.8292238423791454,1.5256750120261706,6.842969567173911,2.4229181881017197,15.517166835849295,22.807108569791893,0.2413793103448276,1.0,0.0,4.06,-2170.804145428784,payload_2x,TD3 direct,0,0,3
0.6448747902795359,1.564172422396459,3.8850397268125976,2.458009425047621,16.006284701962052,37.27844243204375,0.15053763440860216,1.0,0.0,3.72,-1409.2140965789451,payload_2x,TD3 direct,1,1,0
0.6503851422935948,1.5655863172166777,3.921807688991264,2.4646622354916756,16.08595140202886,38.06325280297115,0.15053763440860216,1.0,0.0,3.72,-1432.2165095785754,payload_2x,TD3 direct,1,1,1
0.6393718034851217,1.5627711630040164,3.852406812578247,2.4311080893262833,16.053497755735172,37.327336218532956,0.14516129032258066,1.0,0.0,3.72,-1397.2032542047016,payload_2x,TD3 direct,1,1,2
0.6380223923708521,1.5624291969120736,3.840840451586542,2.4315363899570883,16.005701998912187,37.01375377001361,0.14516129032258066,1.0,0.0,3.72,-1389.2836118970629,payload_2x,TD3 direct,1,1,3
0.6522964892335339,0.6522964892335339,12.661007789524842,1.0093941963383704,19.82623887369601,470.06782533757473,0.4633333333333333,1.0,1.0,6.0,-3122.819049097487,payload_2x,TD3 direct,2,2,0
0.6553722687971298,0.6553722687971298,12.723925142268733,1.014449189305844,19.80903311759323,471.32169456188836,0.4633333333333333,1.0,1.0,6.0,-3141.5307099358606,payload_2x,TD3 direct,2,2,1
0.6538166019715476,0.6538166019715476,12.704658941534904,1.0143286948188364,19.900170217341753,463.52059966125324,0.4633333333333333,1.0,1.0,6.0,-3135.379279036426,payload_2x,TD3 direct,2,2,2
0.6499900089320326,0.6499900089320326,12.612198447954164,1.007738089325142,19.849026554379545,465.11808940881264,0.46,1.0,1.0,6.0,-3112.495570293521,payload_2x,TD3 direct,2,2,3
0.7295608754519234,1.9824960718363507,1.4704558128611587,2.4951336951642893,17.66405798978419,47.41243483679082,0.21904761904761905,1.0,0.0,2.1,-1209.62010639678,payload_2x,TD3 direct,3,3,0
0.74942038640486,1.9937970343899085,1.4617813601603302,2.5057992690520696,17.59198674536529,46.498474858387056,0.23300970873786409,1.0,0.0,2.06,-1209.6056631521967,payload_2x,TD3 direct,3,3,1
0.7420791025341678,2.014519609115248,1.3521068403019252,2.4383184019520967,16.936910403144168,49.144208054263835,0.24489795918367346,1.0,0.0,1.96,-1107.1171119969117,payload_2x,TD3 direct,3,3,2
0.6741240114307862,1.9621415712948727,1.4290220198005898,2.479405750570178,17.951519060908662,55.854376669570684,0.18518518518518517,1.0,0.0,2.16,-1158.9786484435706,payload_2x,TD3 direct,3,3,3
0.9667589731967263,2.064977748741976,1.8039500066658032,2.4724051419224535,12.161715373590958,28.09094682042509,0.3978494623655914,1.0,0.0,1.86,-1312.5734459300584,payload_2x,TD3 direct,4,4,0
0.9461184554936999,2.0541326738418895,1.8392688947207045,2.437094536244447,12.122544754520884,29.27781047573054,0.3894736842105263,1.0,0.0,1.9000000000000001,-1294.1956653529635,payload_2x,TD3 direct,4,4,1
0.963795713935295,2.0723337072136845,1.728516575285837,2.4494361177030957,12.102419503168463,30.473615421904405,0.3956043956043956,1.0,0.0,1.82,-1284.9268545595557,payload_2x,TD3 direct,4,4,2
0.9470928326504212,2.0384319942316136,1.9900182340366908,2.4638160266835394,12.11018573129845,25.744203826376257,0.3838383838383838,1.0,0.0,1.98,-1345.674096739146,payload_2x,TD3 direct,4,4,3
0.5952886862280357,1.7014744689750954,1.9126393228400054,2.4262965001298746,17.191440109803803,20.703174983005074,0.1069182389937107,1.0,0.0,3.18,-1147.8105842842097,severe_shift,Adaptive computed torque,-1,0,0
0.6688798564979487,1.700351769990994,2.3937770545514616,2.4006546665392547,17.309640890458112,19.576780534389815,0.12962962962962962,1.0,0.0,3.24,-1333.4541150712655,severe_shift,Adaptive computed torque,-1,0,1
0.6695291937140372,1.7004897659989309,2.397808106258111,2.402190386885719,17.28741707961934,19.6319242778401,0.12962962962962962,1.0,0.0,3.24,-1334.141795625995,severe_shift,Adaptive computed torque,-1,0,2
0.6313993527722752,1.703121078910715,2.1274672181584577,2.418833537493838,17.17876124393657,19.430689011178732,0.11875,1.0,0.0,3.2,-1228.655441291484,severe_shift,Adaptive computed torque,-1,0,3
0.6306279967199693,1.7029686503666928,2.1350962771965736,2.4045281978815027,17.19751285186897,19.289075747478773,0.11875,1.0,0.0,3.2,-1225.380333051929,severe_shift,Adaptive computed torque,-1,1,0
0.6022615648387782,1.702774520015932,1.9581628379249532,2.408714311007647,17.181615030324977,22.882806164273248,0.11320754716981132,1.0,0.0,3.18,-1152.4058356919072,severe_shift,Adaptive computed torque,-1,1,1
0.668839441845535,1.70034318519611,2.3943079127335043,2.400937023947097,17.306211311070484,19.84891222530361,0.12962962962962962,1.0,0.0,3.24,-1333.353434118114,severe_shift,Adaptive computed torque,-1,1,2
0.6689323824798359,1.7003629281592445,2.394798206294721,2.4007375965122324,17.295355270027542,19.817907429175477,0.12962962962962962,1.0,0.0,3.24,-1334.9088934652593,severe_shift,Adaptive computed torque,-1,1,3
0.5962268816562502,1.7016485659609781,1.9181286981791588,2.4250470194791607,17.161653930114603,19.810304614548166,0.1069182389937107,1.0,0.0,3.18,-1149.4408058861936,severe_shift,Adaptive computed torque,-1,2,0
0.580348347704796,1.6987366566017092,1.8390621077297518,2.4288953643525226,17.169115137474414,19.96776672635115,0.10062893081761007,1.0,0.0,3.18,-1118.8950271865338,severe_shift,Adaptive computed torque,-1,2,1
0.6701153421085444,1.7006144385879463,2.401467094046496,2.402335227385963,17.291181082919834,19.670348892262908,0.12962962962962962,1.0,0.0,3.24,-1339.66805782972,severe_shift,Adaptive computed torque,-1,2,2
0.6298731868326183,1.7028196587214868,2.13347482582175,2.400960681990234,17.19151927524462,19.34447470710527,0.11875,1.0,0.0,3.2,-1219.9405413073403,severe_shift,Adaptive computed torque,-1,2,3
0.6504383530662664,1.7017190115032392,2.2700897365374937,2.400209590689249,17.239990649466414,20.709436547022538,0.12422360248447205,1.0,0.0,3.22,-1276.094792221706,severe_shift,Adaptive computed torque,-1,3,0
0.6313225107208965,1.7031058863214872,2.1336288531006997,2.410819103631424,17.18141356484288,19.237123438766954,0.11875,1.0,0.0,3.2,-1228.0570303566083,severe_shift,Adaptive computed torque,-1,3,1
0.5936439554704669,1.7011698819663217,1.9038629320796483,2.428277905285524,17.17077710857076,19.648594153456852,0.1069182389937107,1.0,0.0,3.18,-1148.3250064902247,severe_shift,Adaptive computed torque,-1,3,2
0.6313344113555753,1.7031082391066346,2.132530138470952,2.4114892799030097,17.218231887654564,22.9682801785924,0.11875,1.0,0.0,3.2,-1229.380603099844,severe_shift,Adaptive computed torque,-1,3,3
0.6709657967230401,1.7007955062855082,2.405318167593592,2.4026524772896214,17.316339509945347,19.95583310577205,0.12962962962962962,1.0,0.0,3.24,-1338.2656226573833,severe_shift,Adaptive computed torque,-1,4,0
0.5938616263153231,1.7012101470839034,1.904129294140068,2.4279027006342866,17.168439611845255,20.400327323112077,0.1069182389937107,1.0,0.0,3.18,-1145.3456519238684,severe_shift,Adaptive computed torque,-1,4,1
0.654278474727712,1.7025088662727677,2.2842959046399867,2.407091390973617,17.230877444342536,19.395102598756804,0.12422360248447205,1.0,0.0,3.22,-1286.0949490480796,severe_shift,Adaptive computed torque,-1,4,2
0.6688973407732983,1.7003554841110542,2.3941395517835886,2.400718989796678,17.297081354944936,21.64998894813877,0.12962962962962962,1.0,0.0,3.24,-1333.5181274264587,severe_shift,Adaptive computed torque,-1,4,3
0.6080271138703801,1.6985793234271267,2.010941721059199,2.418843990692365,17.23202738066711,19.78908201831503,0.1125,1.0,0.0,3.2,-1180.0423398713704,severe_shift,Computed torque,-1,0,0
0.9952811915162847,1.6883887693933246,5.689796874748645,2.424515958486287,18.9654835365741,23.47762970742063,0.22950819672131148,1.0,0.0,3.66,-2731.8263160521565,severe_shift,Computed torque,-1,0,1
0.9949007631227784,1.688251993146164,5.689364130947866,2.414412157562268,18.952883331802305,23.46782258991356,0.22950819672131148,1.0,0.0,3.66,-2730.7612043346544,severe_shift,Computed torque,-1,0,2
0.6421163335543892,1.7000220146776435,2.224345621313435,2.403751487893942,17.223728235577234,18.496806229012105,0.12422360248447205,1.0,0.0,3.22,-1251.0860720366063,severe_shift,Computed torque,-1,0,3
1.0031586793483065,1.6912302252888638,5.744400323134588,2.4088364543740273,18.96803462581554,23.953990136020014,0.22950819672131148,1.0,0.0,3.66,-2779.6171528066297,severe_shift,Computed torque,-1,1,0
0.6415273372777504,1.6999026729398592,2.212026384567176,2.41603432817643,17.27299359921769,22.161416876801532,0.11801242236024845,1.0,0.0,3.22,-1256.8288247906294,severe_shift,Computed torque,-1,1,1
0.995163031457249,1.6883462826385174,5.689767078813414,2.4231374156916186,18.963404429627566,23.7121739613415,0.22404371584699453,1.0,0.0,3.66,-2731.543855608426,severe_shift,Computed torque,-1,1,2
0.9952857633906116,1.6883904133798258,5.69065893047106,2.4241226851022324,18.95311037120399,23.68931037170469,0.22950819672131148,1.0,0.0,3.66,-2733.2303044069613,severe_shift,Computed torque,-1,1,3
0.6089539824790786,1.6987564004729465,2.0166317077287332,2.4173058855641303,17.202533563731624,18.914400152708005,0.1125,1.0,0.0,3.2,-1181.7018432436098,severe_shift,Computed torque,-1,2,0
0.5932942165085165,1.6957984199925735,1.9353994310995304,2.4248481546041303,17.208755468961378,18.989774726493657,0.10625,1.0,0.0,3.2,-1150.6539861428987,severe_shift,Computed torque,-1,2,1
0.9951506333578705,1.6883418248904063,5.692475207118568,2.4133436679084066,18.95702465010745,23.492850746972945,0.22950819672131148,1.0,0.0,3.66,-2736.0091886073346,severe_shift,Computed torque,-1,2,2
1.0023444833035968,1.6909357239580642,5.7406306577375155,2.4092623209877693,18.962964889129065,23.994511952964185,0.22950819672131148,1.0,0.0,3.66,-2772.5581135309517,severe_shift,Computed torque,-1,2,3
0.9980716553647582,1.6893932898641317,5.715920403981766,2.4100502456584123,18.961371767692253,24.795833238596444,0.22950819672131148,1.0,0.0,3.66,-2752.123522054265,severe_shift,Computed torque,-1,3,0
0.6671220665624554,1.699978823372533,2.3855568855567437,2.40337374454524,17.27833999375167,18.681918598073832,0.12962962962962962,1.0,0.0,3.24,-1330.235905907698,severe_shift,Computed torque,-1,3,1
0.6063905116980758,1.6982672663908474,2.0017681922508817,2.421339511685203,17.21130667733533,18.717291733991217,0.1125,1.0,0.0,3.2,-1180.4799436385324,severe_shift,Computed torque,-1,3,2
0.6671666771151107,1.699988277173852,2.3845635254379625,2.404074671213796,17.31462921260062,22.365917829112526,0.12962962962962962,1.0,0.0,3.24,-1331.6279169404927,severe_shift,Computed torque,-1,3,3
0.9955167204230058,1.6884734702658146,5.69557583966074,2.4119208687294242,18.98044446617778,23.73161406534919,0.22950819672131148,1.0,0.0,3.66,-2734.189205364706,severe_shift,Computed torque,-1,4,0
0.6066102145073943,1.6983091123969483,2.002114623883359,2.420861818629358,17.209023927516135,19.469335043457864,0.1125,1.0,0.0,3.2,-1177.5185341522897,severe_shift,Computed torque,-1,4,1
1.0007794572723734,1.6903701690694897,5.733098793691906,2.4097335130087654,18.95368473203006,23.656422511723736,0.22950819672131148,1.0,0.0,3.66,-2764.0919333300576,severe_shift,Computed torque,-1,4,2
0.9952710105448189,1.6883851084698809,5.690036598692628,2.4242124147563247,18.954576500901307,25.3115574601915,0.22950819672131148,1.0,0.0,3.66,-2731.8512372206983,severe_shift,Computed torque,-1,4,3
0.890351427078025,0.890351427078025,13.574948201721703,2.0250729587404988,13.525310377392179,36.20790477194249,0.33,1.0,1.0,6.0,-3151.6184029736514,severe_shift,Fuzzy,-1,0,0
0.8889251026532905,0.8889251026532905,13.572124412564627,2.0225345788971985,13.531389067633084,36.34076962135475,0.33,1.0,1.0,6.0,-3140.6988481465296,severe_shift,Fuzzy,-1,0,1
0.888224120200199,0.888224120200199,13.568247901997026,2.0203319694726383,13.520366053384842,35.27537375391014,0.33,1.0,1.0,6.0,-3136.6917666177756,severe_shift,Fuzzy,-1,0,2
0.8897108856160851,0.8897108856160851,13.573024332286812,2.022474111430959,13.504158968224978,35.61582681641067,0.33,1.0,1.0,6.0,-3145.243763345146,severe_shift,Fuzzy,-1,0,3
0.888988191564123,0.888988191564123,13.566827053356533,2.0206097203376405,13.528999750121448,34.90886794530625,0.33,1.0,1.0,6.0,-3142.24561550013,severe_shift,Fuzzy,-1,1,0
0.8899984974571036,0.8899984974571036,13.580749655198154,2.023307351031959,13.5262257721636,34.51772408970607,0.33,1.0,1.0,6.0,-3156.49262268147,severe_shift,Fuzzy,-1,1,1
0.8888605305972039,0.8888605305972039,13.5722257676895,2.0223361179361845,13.533914240558682,36.35228505792555,0.33,1.0,1.0,6.0,-3140.8888226573595,severe_shift,Fuzzy,-1,1,2
0.8888055506363675,0.8888055506363675,13.574862664794914,2.02210207785752,13.513416751295287,34.359484627010765,0.33,1.0,1.0,6.0,-3144.00066608528,severe_shift,Fuzzy,-1,1,3
0.8902068488848556,0.8902068488848556,13.573836885210598,2.0246439285332434,13.499566289074018,36.32933812880145,0.33,1.0,1.0,6.0,-3151.2187030715636,severe_shift,Fuzzy,-1,2,0
0.8897796381804206,0.8897796381804206,13.571978617402218,2.0237987703526406,13.491600573731969,36.04534015941769,0.33,1.0,1.0,6.0,-3142.1022974542257,severe_shift,Fuzzy,-1,2,1
0.8882371308341663,0.8882371308341663,13.570439103627486,2.020110763353792,13.519082314316357,33.69852633827001,0.33,1.0,1.0,6.0,-3142.8825492284423,severe_shift,Fuzzy,-1,2,2
0.8890334618116836,0.8890334618116836,13.569684492907264,2.0206393415118944,13.521200275427747,35.62915141908812,0.33,1.0,1.0,6.0,-3141.963449378347,severe_shift,Fuzzy,-1,2,3
0.8883856834736393,0.8883856834736393,13.568811569360154,2.0195464245545836,13.532694281918312,36.67942088566499,0.33,1.0,1.0,6.0,-3141.5306488523493,severe_shift,Fuzzy,-1,3,0
0.8894409526177564,0.8894409526177564,13.571750130445215,2.0216754563353265,13.511964347450311,34.495415368165986,0.33,1.0,1.0,6.0,-3146.828124606931,severe_shift,Fuzzy,-1,3,1
0.8903296824666195,0.8903296824666195,13.573197712000242,2.025063349476973,13.509988454629232,34.782895938378545,0.33,1.0,1.0,6.0,-3149.9992035326873,severe_shift,Fuzzy,-1,3,2
0.8893994701073823,0.8893994701073823,13.578404452698722,2.0214184774887367,13.531114964910655,34.399275632197366,0.33,1.0,1.0,6.0,-3155.5999278290315,severe_shift,Fuzzy,-1,3,3
0.8882265237377874,0.8882265237377874,13.562880404732665,2.020039780952428,13.550827523390652,34.45955375202407,0.33,1.0,1.0,6.0,-3137.217167424728,severe_shift,Fuzzy,-1,4,0
0.8901189575903129,0.8901189575903129,13.5707996313484,2.0247460678086338,13.511032956086028,36.7964054437256,0.33,1.0,1.0,6.0,-3148.8257286052267,severe_shift,Fuzzy,-1,4,1
0.8885437389709773,0.8885437389709773,13.565777579189003,2.0196941872579486,13.521704066154495,34.87821195804019,0.33,1.0,1.0,6.0,-3139.7990831046072,severe_shift,Fuzzy,-1,4,2
0.8888239753577503,0.8888239753577503,13.5781366633561,2.0221620628183037,13.519910553829156,36.66081128154716,0.33,1.0,1.0,6.0,-3145.730932214157,severe_shift,Fuzzy,-1,4,3
0.6816850675080186,0.6816850675080186,9.939388955926283,1.7035892598942712,20.19315063062435,278.09476112949363,0.28,1.0,1.0,6.0,-2937.591047783207,severe_shift,PID,-1,0,0
0.6659980891986325,0.6659980891986325,9.644632580079586,1.6769198548691269,19.731736369030607,204.9072288208854,0.26666666666666666,1.0,1.0,6.0,-2760.503611664488,severe_shift,PID,-1,0,1
0.6809999369065114,0.6809999369065114,9.923604906978387,1.7016164787460428,19.989511277095506,242.8167280702899,0.27666666666666667,1.0,1.0,6.0,-2893.178566526082,severe_shift,PID,-1,0,2
0.6831683830295903,0.6831683830295903,9.94505209254232,1.7096234234163743,19.755631977179007,203.74625841491437,0.28,1.0,1.0,6.0,-2872.290622023391,severe_shift,PID,-1,0,3
0.6809131898539905,0.6809131898539905,9.916510578585898,1.7031947735974322,20.09912484228994,260.53423864187914,0.27666666666666667,1.0,1.0,6.0,-2910.1498401100407,severe_shift,PID,-1,1,0
0.6817986813349934,0.6817986813349934,9.937392041463983,1.7051176085955462,20.094761224581,260.6030984914553,0.28,1.0,1.0,6.0,-2922.1431590516017,severe_shift,PID,-1,1,1
0.679868443966083,0.679868443966083,9.915174320518206,1.6990727211441743,20.218532574647394,283.6003251142339,0.28,1.0,1.0,6.0,-2933.420959680113,severe_shift,PID,-1,1,2
0.6701832455490162,0.6701832455490162,9.673675859000332,1.6888410494789288,18.823275851878353,22.15035999951904,0.27,1.0,1.0,6.0,-2626.308056449724,severe_shift,PID,-1,1,3
0.6656399985876514,0.6656399985876514,9.640311086262132,1.6756643693170497,20.08762750035792,266.1152519186659,0.26666666666666666,1.0,1.0,6.0,-2813.282355830134,severe_shift,PID,-1,2,0
0.6652589984851328,0.6652589984851328,9.634523697025593,1.6731053389178558,20.10442971933269,272.1786174209595,0.26666666666666666,1.0,1.0,6.0,-2815.7850814012386,severe_shift,PID,-1,2,1
0.6625994374260084,0.6625994374260084,9.609198728407721,1.668502952570842,21.208500114529652,469.33993083118577,0.26666666666666666,1.0,1.0,6.0,-2985.20638924344,severe_shift,PID,-1,2,2
0.6651667401110772,0.6651667401110772,9.630666741160757,1.6744252348974835,20.141834670988736,274.03242572204,0.26666666666666666,1.0,1.0,6.0,-2815.6190684320063,severe_shift,PID,-1,2,3
0.6799566895309687,0.6799566895309687,9.906881671234334,1.700022227053145,20.21521938215584,282.83320012796725,0.27666666666666667,1.0,1.0,6.0,-2933.343268701712,severe_shift,PID,-1,3,0
0.663461918879805,0.663461918879805,9.616028377613555,1.671316109758377,21.0212836757511,432.90417963275695,0.2633333333333333,1.0,1.0,6.0,-2956.6098147284774,severe_shift,PID,-1,3,1
0.6815106277260758,0.6815106277260758,9.930737262039214,1.70318888630118,20.04875342893405,254.08473538411533,0.27666666666666667,1.0,1.0,6.0,-2915.203117239819,severe_shift,PID,-1,3,2
0.6822391807450986,0.6822391807450986,9.93711957966461,1.7069398156267173,19.912525735570853,229.16701956199574,0.28,1.0,1.0,6.0,-2894.724164145609,severe_shift,PID,-1,3,3
0.662306089951229,0.662306089951229,9.604094759412279,1.6672387547012164,20.84652920200016,397.8344151339104,0.2633333333333333,1.0,1.0,6.0,-2914.5649458654857,severe_shift,PID,-1,4,0
0.6816535316244797,0.6816535316244797,9.935776238708112,1.7037038056520761,20.09598604805515,263.53562247981813,0.27666666666666667,1.0,1.0,6.0,-2922.4747717010064,severe_shift,PID,-1,4,1
0.6634612731676471,0.6634612731676471,9.616652841657412,1.6699252796052722,20.73633974646548,378.572036320279,0.26666666666666666,1.0,1.0,6.0,-2908.5910146996393,severe_shift,PID,-1,4,2
0.6804827050714817,0.6804827050714817,9.927285105844781,1.7002601903026326,20.180598351166456,278.5522474213174,0.27666666666666667,1.0,1.0,6.0,-2923.7305035344148,severe_shift,PID,-1,4,3
0.6836401616090445,0.6836401616090445,10.178739292916477,1.6782770034964418,25.158375640900708,1247.0813988159173,0.2866666666666667,1.0,1.0,6.0,-3690.8264488356317,severe_shift,Robust PID / SMC,-1,0,0
0.6636440267910056,0.6636440267910056,9.831366680403823,1.6373508055838892,25.106151067293165,1233.0405472074503,0.27,1.0,1.0,6.0,-3594.1498000071842,severe_shift,Robust PID / SMC,-1,0,1
0.6822720953639888,0.6822720953639888,10.138135401323053,1.6751674860475103,25.11394327745537,1231.7162673697476,0.2866666666666667,1.0,1.0,6.0,-3669.8236192521954,severe_shift,Robust PID / SMC,-1,0,2
0.6841587459254124,0.6841587459254124,10.18415808462152,1.680466100081232,25.101495192140018,1234.5775655408395,0.2833333333333333,1.0,1.0,6.0,-3685.5542301553464,severe_shift,Robust PID / SMC,-1,0,3
0.683576169064305,0.683576169064305,10.169522761203735,1.6795274889919276,25.125580173192272,1236.8978814956995,0.2833333333333333,1.0,1.0,6.0,-3684.9032155962327,severe_shift,Robust PID / SMC,-1,1,0
0.6836168661707458,0.6836168661707458,10.17341128757902,1.6800989884472857,25.143605871720272,1240.1501914460914,0.2866666666666667,1.0,1.0,6.0,-3692.74500330237,severe_shift,Robust PID / SMC,-1,1,1
0.6821029226672869,0.6821029226672869,10.136892177377455,1.6745209801011325,25.13898959770308,1236.2658289738533,0.2866666666666667,1.0,1.0,6.0,-3680.659174703814,severe_shift,Robust PID / SMC,-1,1,2
0.6828492725416524,0.6828492725416524,10.155843863915988,1.6748939344270812,25.05822765932398,1224.064556084557,0.2866666666666667,1.0,1.0,6.0,-3666.7539590413708,severe_shift,Robust PID / SMC,-1,1,3
0.6659134880197629,0.6659134880197629,9.887065842805347,1.6428629135819588,25.144998220559433,1244.2575117906765,0.26666666666666666,1.0,1.0,6.0,-3605.762960632721,severe_shift,Robust PID / SMC,-1,2,0
0.665014211666507,0.665014211666507,9.86779016145824,1.6393009494507835,25.152277458961848,1245.8909078054824,0.27,1.0,1.0,6.0,-3602.294755733575,severe_shift,Robust PID / SMC,-1,2,1
0.6638077550295662,0.6638077550295662,9.83254771493881,1.6374180960195985,25.19634825019096,1248.7249585678546,0.27,1.0,1.0,6.0,-3613.8679898965042,severe_shift,Robust PID / SMC,-1,2,2
0.6649198556117232,0.6649198556117232,9.853440122395218,1.642215176151075,25.14388740263883,1240.1833842209996,0.26666666666666666,1.0,1.0,6.0,-3599.2903629767457,severe_shift,Robust PID / SMC,-1,2,3
0.6820045515773132,0.6820045515773132,10.129381346726731,1.6770844496846435,25.154506275599438,1240.465615243431,0.2866666666666667,1.0,1.0,6.0,-3683.2247955956664,severe_shift,Robust PID / SMC,-1,3,0
0.6651231811700912,0.6651231811700912,9.85763768998404,1.6433214537587337,25.191591168556005,1249.7291958351973,0.26666666666666666,1.0,1.0,6.0,-3610.2300046346413,severe_shift,Robust PID / SMC,-1,3,1
0.6840020747114927,0.6840020747114927,10.185961088400534,1.6781966384968632,25.129235757233108,1242.7826479580767,0.2833333333333333,1.0,1.0,6.0,-3687.109459752728,severe_shift,Robust PID / SMC,-1,3,2
0.6832858218326101,0.6832858218326101,10.159734115058656,1.680527235962814,25.142325515409436,1237.1260454730823,0.2866666666666667,1.0,1.0,6.0,-3689.6636967595523,severe_shift,Robust PID / SMC,-1,3,3
0.6634509180374453,0.6634509180374453,9.82180342100883,1.637844342669684,25.19004407026033,1245.0450697419224,0.27,1.0,1.0,6.0,-3600.9627470532696,severe_shift,Robust PID / SMC,-1,4,0
0.6836457214609947,0.6836457214609947,10.178156377217936,1.6781748995382848,25.14959039836027,1246.515088626994,0.2866666666666667,1.0,1.0,6.0,-3689.6796243931585,severe_shift,Robust PID / SMC,-1,4,1
0.6644685719791855,0.6644685719791855,9.84146374339161,1.6415904613249737,25.185086654315576,1246.9224515480623,0.27,1.0,1.0,6.0,-3604.535369242143,severe_shift,Robust PID / SMC,-1,4,2
0.6816569792842538,0.6816569792842538,10.119642240682095,1.6745546938713403,25.139209816818518,1235.0512175692184,0.2833333333333333,1.0,1.0,6.0,-3681.725442795284,severe_shift,Robust PID / SMC,-1,4,3
0.8085225398353278,0.8085225398353278,12.424084407551398,1.847019764042941,16.70456447697936,417.1548690341146,0.3233333333333333,1.0,1.0,6.0,-2787.969434175956,severe_shift,Tuned fuzzy,-1,0,0
0.7984551105076393,0.7984551105076393,12.327235861215586,1.8267742893968888,16.930304525523017,478.11251633788476,0.31666666666666665,1.0,1.0,6.0,-2752.5321129575004,severe_shift,Tuned fuzzy,-1,0,1
0.8064036721023169,0.8064036721023169,12.411680329119019,1.841457194452304,16.982589157044504,507.32804420986076,0.32,1.0,1.0,6.0,-2790.081543001731,severe_shift,Tuned fuzzy,-1,0,2
0.808247970098662,0.808247970098662,12.425478800056366,1.8457122930269056,16.96967104054917,508.4609983016753,0.3233333333333333,1.0,1.0,6.0,-2808.1010036248927,severe_shift,Tuned fuzzy,-1,0,3
0.8076427129499858,0.8076427129499858,12.418913314723811,1.8432957470728795,16.611774584216846,391.9286212182056,0.3233333333333333,1.0,1.0,6.0,-2778.135685163036,severe_shift,Tuned fuzzy,-1,1,0
0.8090882405012321,0.8090882405012321,12.434043793864497,1.8480336563774364,16.940719878352866,491.59927830559997,0.3233333333333333,1.0,1.0,6.0,-2808.574610078516,severe_shift,Tuned fuzzy,-1,1,1
0.8070366557434998,0.8070366557434998,12.418846398093164,1.843689306382731,16.94945577452152,495.6955711839598,0.32,1.0,1.0,6.0,-2791.4874323339814,severe_shift,Tuned fuzzy,-1,1,2
0.7982407394295875,0.7982407394295875,12.322029998218776,1.8256352800643068,16.682757901333833,403.0360566801798,0.32,1.0,1.0,6.0,-2728.8944487729673,severe_shift,Tuned fuzzy,-1,1,3
0.8000259439556947,0.8000259439556947,12.33557842363041,1.8296366165584785,16.958521821198442,498.14287614204164,0.32,1.0,1.0,6.0,-2758.557510386168,severe_shift,Tuned fuzzy,-1,2,0
0.7992201580900692,0.7992201580900692,12.328890463540128,1.8277962150535245,16.943380223806603,492.40184980857146,0.32,1.0,1.0,6.0,-2754.6306457517367,severe_shift,Tuned fuzzy,-1,2,1
0.7977803983988728,0.7977803983988728,12.31552319341016,1.8235836176486455,16.63627039046271,385.461295584756,0.32,1.0,1.0,6.0,-2721.103620993579,severe_shift,Tuned fuzzy,-1,2,2
0.7987615944755783,0.7987615944755783,12.327425653389826,1.8253218245458094,16.90429745403475,473.5419474367453,0.32,1.0,1.0,6.0,-2744.526504538678,severe_shift,Tuned fuzzy,-1,2,3
0.8068058778102681,0.8068058778102681,12.413649800440584,1.8417080584686454,16.750892735895103,431.1937527054706,0.32,1.0,1.0,6.0,-2774.788502584589,severe_shift,Tuned fuzzy,-1,3,0
0.7992200996727143,0.7992200996727143,12.326250068901986,1.8265575419678923,16.6620088257378,401.8103747549836,0.32,1.0,1.0,6.0,-2729.3449986822175,severe_shift,Tuned fuzzy,-1,3,1
0.808323076955159,0.808323076955159,12.42381649151836,1.846147614002284,16.639809083746265,401.5576284989751,0.3233333333333333,1.0,1.0,6.0,-2785.3072958115604,severe_shift,Tuned fuzzy,-1,3,2
0.799933275826427,0.799933275826427,12.341474118502465,1.8286407262591093,16.95330235807548,487.74729959281746,0.32,1.0,1.0,6.0,-2753.797533987872,severe_shift,Tuned fuzzy,-1,3,3
0.7980160747991422,0.7980160747991422,12.323785263493773,1.8247448228068455,17.00607521459568,499.48282159447905,0.31666666666666665,1.0,1.0,6.0,-2747.1453861418145,severe_shift,Tuned fuzzy,-1,4,0
0.8087179888841547,0.8087179888841547,12.429054849216477,1.847584564794117,16.976723988309296,508.181425267589,0.3233333333333333,1.0,1.0,6.0,-2809.7272368571626,severe_shift,Tuned fuzzy,-1,4,1
0.7985830844539858,0.7985830844539858,12.327016918219513,1.8251555480218613,16.999084471777497,501.72462054092944,0.32,1.0,1.0,6.0,-2750.6922870993835,severe_shift,Tuned fuzzy,-1,4,2
0.8072298661106901,0.8072298661106901,12.419891516806757,1.8442316925458706,16.837641667916134,459.2955358478007,0.32,1.0,1.0,6.0,-2784.6414347779037,severe_shift,Tuned fuzzy,-1,4,3
0.6707007938381366,1.826205555256718,2.231307326130832,2.42242593440563,15.972883834219184,56.929607631673164,0.13138686131386862,1.0,0.0,2.74,-1205.5745316937441,severe_shift,DDPG direct,0,0,0
0.6807579717858613,1.8182197949687395,2.3054204360254147,2.438011555711786,15.969315951619611,56.33903132474722,0.1366906474820144,1.0,0.0,2.7800000000000002,-1240.7432138348659,severe_shift,DDPG direct,0,0,1
0.6730953088577165,1.8168975058031118,2.275584849884091,2.4211043165700143,15.883883523771392,54.63329989216848,0.1366906474820144,1.0,0.0,2.7800000000000002,-1222.8334301297687,severe_shift,DDPG direct,0,0,2
0.6744664227161041,1.817133079695075,2.278683548655242,2.430391545793453,15.875542406862484,55.15100212338399,0.1366906474820144,1.0,0.0,2.7800000000000002,-1227.6357926571113,severe_shift,DDPG direct,0,0,3
0.643048753406207,1.5750620650875304,4.135451504509313,2.484644489235484,14.422352094488568,50.46279228977985,0.10869565217391304,1.0,0.0,3.68,-1402.437729646329,severe_shift,DDPG direct,1,1,0
0.621845209625731,1.5755258783936321,3.9583157212401145,2.437565595787779,14.623173332659597,50.15940094910881,0.1092896174863388,1.0,0.0,3.66,-1349.5858949155333,severe_shift,DDPG direct,1,1,1
0.6155861817157521,1.5740258167332646,3.9314896191916926,2.405053767096896,14.424912379597284,49.72611510582032,0.10382513661202186,1.0,0.0,3.66,-1318.6183673392566,severe_shift,DDPG direct,1,1,2
0.64094841771454,1.5745369021264866,4.1239003377901255,2.479751408270467,14.339993686460453,50.59724058724623,0.10869565217391304,1.0,0.0,3.68,-1395.560520445654,severe_shift,DDPG direct,1,1,3
0.934787405147586,2.198096272604156,0.6702985881232133,2.403801678147289,11.476676213025568,70.6173120539379,0.38596491228070173,1.0,0.0,1.1400000000000001,-840.0533076126776,severe_shift,DDPG direct,2,2,0
0.981610941567766,2.1983376161356727,0.7269747744918238,2.5206908959714043,11.621548177773054,72.58792686044545,0.39655172413793105,1.0,0.0,1.1600000000000001,-922.1836501028966,severe_shift,DDPG direct,2,2,1
0.9829673839405031,2.216551314187736,0.6101142880218345,2.5020674235049163,11.25852321220863,78.49175503677678,0.39622641509433965,1.0,0.0,1.06,-873.37302523374,severe_shift,DDPG direct,2,2,2
0.9789463423168236,2.20537737715762,0.6766892772415086,2.5074047848085126,11.519620640952196,74.62092091754165,0.39285714285714285,1.0,0.0,1.12,-892.2779524379905,severe_shift,DDPG direct,2,2,3
0.7605442080241168,1.6175638097762362,5.550662913947707,2.40992801487747,18.66470200971889,41.6661476360817,0.4835164835164835,1.0,0.0,3.64,-1961.8726082304115,severe_shift,DDPG direct,3,3,0
0.7684322070982615,1.6198238858559846,5.599436607040392,2.4401443699498797,18.66816100963778,38.37915640448861,0.4835164835164835,1.0,0.0,3.64,-1999.6682784564555,severe_shift,DDPG direct,3,3,1
0.7673211557571125,1.619504327055228,5.564761402394073,2.4597362854712252,18.578598585316044,41.680072020889625,0.47802197802197804,1.0,0.0,3.64,-1988.853773867052,severe_shift,DDPG direct,3,3,2
0.7719713314122552,1.6208444630778924,5.636761702888065,2.4371726777148814,18.766938060903037,40.229946677007376,0.489010989010989,1.0,0.0,3.64,-2003.9472518304988,severe_shift,DDPG direct,3,3,3
0.977566003513655,2.194343092425243,0.7705431712821096,2.5238377686795728,15.927898379976599,95.3237348086368,0.559322033898305,1.0,0.0,1.18,-1037.6029479163576,severe_shift,DDPG direct,4,4,0
0.9747754214049846,2.194098934421099,0.7713467484742572,2.4903798741194527,16.088218657801956,92.84688822233628,0.5932203389830508,1.0,0.0,1.18,-1039.6952235598958,severe_shift,DDPG direct,4,4,1
0.9674598070991561,2.1934620505970215,0.7607466795232704,2.5147878141190616,15.755134319145654,94.96668194990913,0.5423728813559322,1.0,0.0,1.18,-1007.7691436729756,severe_shift,DDPG direct,4,4,2
0.989101530425635,2.195359490996049,0.7845910178450975,2.5017673294803364,16.219027828558982,92.90108130256532,0.6101694915254238,1.0,0.0,1.18,-1066.6812717398657,severe_shift,DDPG direct,4,4,3
0.7213421859168131,0.7213421859168131,10.803359336504561,1.7489771011726762,17.342333635891432,36.11960754727202,0.27666666666666667,0.5554789094356282,1.0,6.0,-2231.687519165365,severe_shift,Eval-gated Fuzzy-TD3,0,0,0
0.7198571560737352,0.7198571560737352,10.80447718902817,1.7427725208156886,17.34865152339046,36.44857796656541,0.27666666666666667,0.553462458138397,1.0,6.0,-2215.7183737481314,severe_shift,Eval-gated Fuzzy-TD3,0,0,1
0.719355303976471,0.719355303976471,10.809405646130337,1.7409621579416328,17.33361995681298,35.318962312053934,0.27666666666666667,0.5561041551040682,1.0,6.0,-2214.065054814779,severe_shift,Eval-gated Fuzzy-TD3,0,0,2
0.7210824155934661,0.7210824155934661,10.812637134058834,1.7481074565540733,17.314780881007707,35.50421857662086,0.27666666666666667,0.5564372196777847,1.0,6.0,-2231.420329281202,severe_shift,Eval-gated Fuzzy-TD3,0,0,3
0.704096998633378,0.704096998633378,9.748671422729007,1.7250588675443492,17.864144264840167,42.09719959760664,0.2633333333333333,0.5591066193490477,1.0,6.0,-2166.510849868055,severe_shift,Eval-gated Fuzzy-TD3,1,1,0
0.7048516486026054,0.7048516486026054,9.765670481201951,1.7276852221272343,17.862102603235403,41.4585748944455,0.2633333333333333,0.5623542604711154,1.0,6.0,-2167.2306521754567,severe_shift,Eval-gated Fuzzy-TD3,1,1,1
0.7032830846889971,0.7032830846889971,9.775869157233135,1.7216893567517633,17.846689188265945,41.76282293759002,0.26,0.5567374290803527,1.0,6.0,-2159.385799891803,severe_shift,Eval-gated Fuzzy-TD3,1,1,2
0.7033728738496988,0.7033728738496988,9.774829120496157,1.7218952262503868,17.838513422343727,40.26958306257732,0.26,0.5585122963752112,1.0,6.0,-2162.727148343536,severe_shift,Eval-gated Fuzzy-TD3,1,1,3
0.7184355646045985,0.7184355646045985,10.57116359174307,1.7447536988447234,17.610563551126138,120.35232134544543,0.27666666666666667,0.563598049826558,1.0,6.0,-2225.537428348679,severe_shift,Eval-gated Fuzzy-TD3,2,2,0
0.7174323240491701,0.7174323240491701,10.55982665848731,1.7410260133769546,17.567985063066196,103.30526872951256,0.27666666666666667,0.563356264428072,1.0,6.0,-2218.9185806678324,severe_shift,Eval-gated Fuzzy-TD3,2,2,1
0.7165620586589962,0.7165620586589962,10.556477929968324,1.736912367140234,17.631601631685303,121.54471843684645,0.27666666666666667,0.5643718013658297,1.0,6.0,-2208.7355204993924,severe_shift,Eval-gated Fuzzy-TD3,2,2,2
0.7174917814603765,0.7174917814603765,10.560999004052192,1.7411886166988226,17.611295569883453,112.28549780760984,0.27666666666666667,0.5624088519578149,1.0,6.0,-2216.3717662437684,severe_shift,Eval-gated Fuzzy-TD3,2,2,3
0.7243547947138814,0.7243547947138814,10.964554527456073,1.7322121076284132,17.219294767141932,69.27193914737198,0.27666666666666667,0.5706357810839199,1.0,6.0,-2291.7035766511635,severe_shift,Eval-gated Fuzzy-TD3,3,3,0
0.7256210225644909,0.7256210225644909,10.97764271998952,1.7357576870717821,17.211166358925116,72.2501864848602,0.27666666666666667,0.56994405151759,1.0,6.0,-2297.2749150286827,severe_shift,Eval-gated Fuzzy-TD3,3,3,1
0.7260066776362789,0.7260066776362789,10.988767027664458,1.7360587975432236,17.226771430662538,68.98966778842743,0.27666666666666667,0.5694124533190377,1.0,6.0,-2304.399488500642,severe_shift,Eval-gated Fuzzy-TD3,3,3,2
0.7259339772454435,0.7259339772454435,10.995835043246313,1.7378454595917856,17.185144238026034,58.37731916737839,0.27666666666666667,0.5780976783946218,1.0,6.0,-2306.793775458223,severe_shift,Eval-gated Fuzzy-TD3,3,3,3
0.7611674300640477,0.7611674300640477,11.055432723003902,1.8435118117748723,17.078166879124776,142.92357183665777,0.2833333333333333,0.5750377380556637,1.0,6.0,-2523.469780370262,severe_shift,Eval-gated Fuzzy-TD3,4,4,0
0.7671929784913616,0.7671929784913616,11.124678459189372,1.8566341992548692,16.980164406175142,146.89090813290343,0.2866666666666667,0.5833361881265258,1.0,6.0,-2556.8233405058745,severe_shift,Eval-gated Fuzzy-TD3,4,4,1
0.7619238745517218,0.7619238745517218,11.028013985631647,1.845187509255593,17.07328846157853,138.93413869991733,0.2866666666666667,0.5826657927116092,1.0,6.0,-2528.7825154047714,severe_shift,Eval-gated Fuzzy-TD3,4,4,2
0.7638672122301939,0.7638672122301939,11.180758807919489,1.8474814307827703,16.99136263765301,138.33488166992584,0.2866666666666667,0.6059816874781557,1.0,6.0,-2544.8723125789043,severe_shift,Eval-gated Fuzzy-TD3,4,4,3
0.6622856900641635,0.6622856900641635,9.657319605587258,1.6083624423127634,19.05164283437857,109.89615849518188,0.26,1.0,1.0,6.0,-2044.4483803596331,severe_shift,Fuzzy-SAC residual,0,0,0
0.6594258379340369,0.6594258379340369,9.626010586801094,1.6041977125774447,18.944107877075528,100.88148380545817,0.25666666666666665,1.0,1.0,6.0,-2017.9698466087143,severe_shift,Fuzzy-SAC residual,0,0,1
0.6586893465758318,0.6586893465758318,9.594286261108865,1.6053408832729508,18.820100726531436,76.81886495690584,0.25666666666666665,1.0,1.0,6.0,-2007.0527402197692,severe_shift,Fuzzy-SAC residual,0,0,2
0.6620841801612716,0.6620841801612716,9.631748039065988,1.6078501895359851,18.961353000728074,105.61627237963245,0.26,1.0,1.0,6.0,-2035.6176458761947,severe_shift,Fuzzy-SAC residual,0,0,3
0.6722695103162931,0.6722695103162931,10.114475962802302,1.6149680898105312,18.710155657512612,33.3471936118952,0.2633333333333333,1.0,1.0,6.0,-2074.4609819125603,severe_shift,Fuzzy-SAC residual,1,1,0
0.6736419618894479,0.6736419618894479,10.159431186206971,1.6161334109623713,18.802359348574107,19.779180623162183,0.2633333333333333,1.0,1.0,6.0,-2085.866907540927,severe_shift,Fuzzy-SAC residual,1,1,1
0.6719903978175591,0.6719903978175591,10.129953396604687,1.6127907663624106,18.74298795280995,31.9449987668138,0.26666666666666666,1.0,1.0,6.0,-2080.9804324733645,severe_shift,Fuzzy-SAC residual,1,1,2
0.6717665392999262,0.6717665392999262,10.102080906397294,1.6144865726119244,18.673643413921713,20.665699973934384,0.26666666666666666,1.0,1.0,6.0,-2078.600315467812,severe_shift,Fuzzy-SAC residual,1,1,3
0.7188840225869636,0.7188840225869636,10.747138958476791,1.727681097877672,18.289790890329776,30.716519181302417,0.2833333333333333,1.0,1.0,6.0,-2356.082093030948,severe_shift,Fuzzy-SAC residual,2,2,0
0.7178105765538006,0.7178105765538006,10.73823062571431,1.7245288864022514,18.29293019519555,30.70742193213133,0.2833333333333333,1.0,1.0,6.0,-2351.7370601032862,severe_shift,Fuzzy-SAC residual,2,2,1
0.7172985796709739,0.7172985796709739,10.726189102021443,1.7276899761215125,18.311926400500806,29.97376169588632,0.2866666666666667,1.0,1.0,6.0,-2341.735720859887,severe_shift,Fuzzy-SAC residual,2,2,2
0.7183949237933783,0.7183949237933783,10.734245516053157,1.7277465472133824,18.3047447707541,30.432110426462643,0.2833333333333333,1.0,1.0,6.0,-2345.489180522553,severe_shift,Fuzzy-SAC residual,2,2,3
0.6831944320857364,0.6831944320857364,10.128311800944957,1.6883193223093216,18.422339320926294,30.014076072961803,0.2633333333333333,1.0,1.0,6.0,-2143.2566673641854,severe_shift,Fuzzy-SAC residual,3,3,0
0.6850112381579871,0.6850112381579871,10.132658604940161,1.6937180785928916,18.338854193024428,32.164303259553066,0.2633333333333333,1.0,1.0,6.0,-2151.7117499509322,severe_shift,Fuzzy-SAC residual,3,3,1
0.6856438593045078,0.6856438593045078,10.132183437615243,1.6959004394236303,18.3149067266468,29.316389605309226,0.2633333333333333,1.0,1.0,6.0,-2157.690029448767,severe_shift,Fuzzy-SAC residual,3,3,2
0.6838427908128079,0.6838427908128079,10.16034985809352,1.6877319715047587,18.49123151829465,26.143269761083324,0.2633333333333333,1.0,1.0,6.0,-2156.5267012531913,severe_shift,Fuzzy-SAC residual,3,3,3
0.6657254003953857,0.6657254003953857,9.73901714911033,1.6180511832873337,19.200738579817333,40.60097139884423,0.25666666666666665,1.0,1.0,6.0,-2048.3012489452367,severe_shift,Fuzzy-SAC residual,4,4,0
0.6680326250472517,0.6680326250472517,9.744642043388101,1.62818318366039,19.1882813756697,42.563566055658924,0.26,1.0,1.0,6.0,-2060.98719874576,severe_shift,Fuzzy-SAC residual,4,4,1
0.6664443578563773,0.6664443578563773,9.74441300403995,1.6212366819686415,19.178109321981594,40.39001288194061,0.26,1.0,1.0,6.0,-2051.1537796210705,severe_shift,Fuzzy-SAC residual,4,4,2
0.6660765220273828,0.6660765220273828,9.738692914212685,1.6200064033834438,19.19027592718191,41.51010898924914,0.25666666666666665,1.0,1.0,6.0,-2052.5434875318433,severe_shift,Fuzzy-SAC residual,4,4,3
0.7018364545900826,0.7018364545900826,10.697326222965913,1.7074475608394055,17.718948379452243,28.29265970654165,0.2733333333333333,1.0,1.0,6.0,-2161.1989215867106,severe_shift,Fuzzy-TD3 residual,0,0,0
0.700656353943537,0.700656353943537,10.695512072532534,1.7021389418115813,17.71218346558401,28.195129553948014,0.27666666666666667,1.0,1.0,6.0,-2161.7175540992316,severe_shift,Fuzzy-TD3 residual,0,0,1
0.7002415656822425,0.7002415656822425,10.694334508408753,1.700319021440662,17.696677669537277,26.10108348627557,0.27666666666666667,1.0,1.0,6.0,-2160.37415680312,severe_shift,Fuzzy-TD3 residual,0,0,2
0.7016542761006195,0.7016542761006195,10.69626928028148,1.7059752688054866,17.68336717146541,28.130233305321077,0.2733333333333333,1.0,1.0,6.0,-2161.0194505004383,severe_shift,Fuzzy-TD3 residual,0,0,3
0.6686626924563784,0.6686626924563784,9.610454048802689,1.6376012648837939,18.538602353437703,27.622177545090825,0.25666666666666665,1.0,1.0,6.0,-2044.837432781064,severe_shift,Fuzzy-TD3 residual,1,1,0
0.6692420807592705,0.6692420807592705,9.60507084180604,1.6404566643683818,18.54997008755248,29.596680256937784,0.25666666666666665,1.0,1.0,6.0,-2046.0853935244807,severe_shift,Fuzzy-TD3 residual,1,1,1
0.6684010434125914,0.6684010434125914,9.632704160277537,1.6382115503392551,18.51455185922092,30.94139098776319,0.25666666666666665,1.0,1.0,6.0,-2040.8776103678272,severe_shift,Fuzzy-TD3 residual,1,1,2
0.6684676863388219,0.6684676863388219,9.636116724489511,1.638239665259451,18.507977635229945,31.14301406242304,0.25666666666666665,1.0,1.0,6.0,-2044.0596220796926,severe_shift,Fuzzy-TD3 residual,1,1,3
0.6979417930531947,0.6979417930531947,10.343316296535356,1.70353415765476,17.87737832864911,101.12812735880578,0.27,1.0,1.0,6.0,-2137.753220267774,severe_shift,Fuzzy-TD3 residual,2,2,0
0.6969296128196535,0.6969296128196535,10.330300544013785,1.7009229334341174,17.870207544263767,98.23156527054637,0.27,1.0,1.0,6.0,-2133.1105424080015,severe_shift,Fuzzy-TD3 residual,2,2,1
0.6957351818467187,0.6957351818467187,10.318975185318928,1.69531148060539,17.886076270194373,88.84723011937285,0.2733333333333333,1.0,1.0,6.0,-2117.3484060528885,severe_shift,Fuzzy-TD3 residual,2,2,2
0.6971086135448463,0.6971086135448463,10.3349696627486,1.6988930836438965,17.90651448838092,106.84321127514477,0.27,1.0,1.0,6.0,-2127.754406168644,severe_shift,Fuzzy-TD3 residual,2,2,3
0.6834145472934692,0.6834145472934692,10.688987909695578,1.6229787694570215,18.328288995956445,57.92874474451922,0.2733333333333333,1.0,1.0,6.0,-2129.444071972979,severe_shift,Fuzzy-TD3 residual,3,3,0
0.6870570142131271,0.6870570142131271,10.60617226249815,1.6420953614503557,18.124738991913436,62.961860188567215,0.27,1.0,1.0,6.0,-2131.6504932124867,severe_shift,Fuzzy-TD3 residual,3,3,1
0.692487938963763,0.692487938963763,10.556541263839776,1.6661402302023982,17.852665969571213,61.79255468689434,0.2733333333333333,1.0,1.0,6.0,-2149.60322057887,severe_shift,Fuzzy-TD3 residual,3,3,2
0.6823203539779809,0.6823203539779809,10.834888901456024,1.6049065623295924,18.5611151218736,56.004713441960014,0.2733333333333333,1.0,1.0,6.0,-2126.635050857198,severe_shift,Fuzzy-TD3 residual,3,3,3
0.777203229354797,0.777203229354797,11.705604382980482,1.8701395692151521,16.667652751302295,133.78091089437578,0.2833333333333333,1.0,1.0,6.0,-2654.0103498109456,severe_shift,Fuzzy-TD3 residual,4,4,0
0.7827965004001781,0.7827965004001781,11.726295949869137,1.8831324509541976,16.574172349979502,132.586093714775,0.2833333333333333,1.0,1.0,6.0,-2684.1994542341804,severe_shift,Fuzzy-TD3 residual,4,4,1
0.7801032122951137,0.7801032122951137,11.7164438065611,1.875166799396711,16.599034199664107,137.6035934786262,0.2833333333333333,1.0,1.0,6.0,-2671.5421165921907,severe_shift,Fuzzy-TD3 residual,4,4,2
0.7786220066899052,0.7786220066899052,11.741986025985938,1.8731308458535854,16.62014430436603,117.78849445958052,0.2833333333333333,1.0,1.0,6.0,-2661.5064754702958,severe_shift,Fuzzy-TD3 residual,4,4,3
0.7526122034295225,0.7526122034295225,11.409814510372952,1.7855172946027735,16.894700627797466,69.94036574132579,0.28,0.5496097519897701,1.0,6.0,-2508.363248164737,severe_shift,Gated Fuzzy-TD3,0,0,0
0.7676188683390002,0.7676188683390002,11.590992154440608,1.9476952917014585,16.644951298087122,93.80376563416284,0.28,0.5503053802849565,1.0,6.0,-2603.6165559465303,severe_shift,Gated Fuzzy-TD3,0,0,1
0.7599841088069305,0.7599841088069305,11.51091844046493,1.8840550977083237,16.665001109073508,69.96771107238835,0.27666666666666667,0.5529821249304523,1.0,6.0,-2555.870797801156,severe_shift,Gated Fuzzy-TD3,0,0,2
0.7597239563409027,0.7597239563409027,11.533491402268355,1.8337682158846516,16.735197937422612,73.19845211037405,0.28,0.5533715993133966,1.0,6.0,-2558.212875711062,severe_shift,Gated Fuzzy-TD3,0,0,3
0.800427685977739,0.800427685977739,11.135777311393076,2.0245874105863795,18.05818566774052,27.322935095401856,0.2733333333333333,0.504915741901634,1.0,6.0,-2676.855815374692,severe_shift,Gated Fuzzy-TD3,1,1,0
0.8017225084146868,0.8017225084146868,11.15644013057357,2.033366973020992,18.10399599053143,30.83381537312723,0.2733333333333333,0.5082136905531361,1.0,6.0,-2686.2831060388394,severe_shift,Gated Fuzzy-TD3,1,1,1
0.7911596347001343,0.7911596347001343,11.014470093489612,1.9794660319592912,18.04837190711525,27.437899908335208,0.27,0.5005822415305085,1.0,6.0,-2629.5307034943685,severe_shift,Gated Fuzzy-TD3,1,1,2
0.7913133381518758,0.7913133381518758,11.017288700296508,1.9790914203583394,18.024525645966808,27.375040305379468,0.27,0.5038392196809041,1.0,6.0,-2644.1205600842964,severe_shift,Gated Fuzzy-TD3,1,1,3
0.7358337338764216,0.7358337338764216,10.778889845459863,1.83866230251111,17.065689344861724,78.41981797867355,0.2733333333333333,0.5313056274551424,1.0,6.0,-2350.151731728305,severe_shift,Gated Fuzzy-TD3,2,2,0
0.7347710916855124,0.7347710916855124,10.779104959802481,1.834652286454778,17.033961466784042,72.22158343293488,0.2733333333333333,0.5312763366029617,1.0,6.0,-2344.7867596210212,severe_shift,Gated Fuzzy-TD3,2,2,1
0.7336919387614117,0.7336919387614117,10.76486042802828,1.8242681200638007,17.05993082250001,81.09247675794049,0.27,0.531295884872054,1.0,6.0,-2337.4288666627385,severe_shift,Gated Fuzzy-TD3,2,2,2
0.7334885871491321,0.7334885871491321,10.746512918140185,1.8307909348757787,17.085643984729675,70.2324832168123,0.2733333333333333,0.5287620558913737,1.0,6.0,-2329.158816028303,severe_shift,Gated Fuzzy-TD3,2,2,3
0.8833411721795318,0.8833411721795318,13.486712358214204,2.2088940215899124,15.070036541494247,216.09428287361126,0.27666666666666667,0.7584215371698096,1.0,6.0,-3314.0994916616114,severe_shift,Gated Fuzzy-TD3,3,3,0
0.8529529978114516,0.8529529978114516,12.785797692963468,2.062778315879165,15.111877803062605,173.43205888635597,0.2833333333333333,0.6435981809564915,1.0,6.0,-3090.6165601448506,severe_shift,Gated Fuzzy-TD3,3,3,1
0.8856298661808358,0.8856298661808358,13.48297961548294,2.2433354094054696,15.264058618622382,230.59240358325906,0.27666666666666667,0.759038380192364,1.0,6.0,-3345.2830173408647,severe_shift,Gated Fuzzy-TD3,3,3,2
0.8725591938199977,0.8725591938199977,13.182550799966199,2.1693975656940805,15.158933251034423,196.6397845453292,0.27666666666666667,0.7274523119376911,1.0,6.0,-3229.239371652465,severe_shift,Gated Fuzzy-TD3,3,3,3
0.8859857442268447,0.8859857442268447,13.223782659129775,1.978210319110587,14.882074560761065,53.86855233776544,0.3333333333333333,0.5296878427831302,1.0,6.0,-3231.586663173111,severe_shift,Gated Fuzzy-TD3,4,4,0
0.8897141384904114,0.8897141384904114,13.226188924461761,1.983131148412702,14.882690953033205,61.852641114965834,0.3333333333333333,0.5269578418121087,1.0,6.0,-3244.7450617701866,severe_shift,Gated Fuzzy-TD3,4,4,1
0.8887555382706739,0.8887555382706739,13.248054191668219,1.983258202555752,14.853655681619768,58.794434104732915,0.3333333333333333,0.5310472653198979,1.0,6.0,-3256.438553447927,severe_shift,Gated Fuzzy-TD3,4,4,2
0.8856762528041757,0.8856762528041757,13.225026783542432,1.9749203647227827,14.869577177929472,55.118581698772516,0.3333333333333333,0.5315772348268499,1.0,6.0,-3233.012507574706,severe_shift,Gated Fuzzy-TD3,4,4,3
0.8262341975491851,2.0665545718494647,1.3089851664084509,2.510685587170602,14.958208337696739,37.95708764472678,0.2840909090909091,1.0,0.0,1.76,-1046.7969988331695,severe_shift,SAC direct,0,0,0
0.8193815403862519,2.0821114548561535,1.159009197405426,2.470944385700481,14.34597043881825,55.30111744302026,0.27380952380952384,1.0,0.0,1.6800000000000002,-985.0643033127839,severe_shift,SAC direct,0,0,1
0.8329202675874919,2.083615062386583,1.1765778026794835,2.504099750334277,14.273300581206792,49.04233904247082,0.2857142857142857,1.0,0.0,1.6800000000000002,-1017.2970881455802,severe_shift,SAC direct,0,0,2
0.8279358468484459,2.0830587544807906,1.1716731273321084,2.4904008393572834,14.269357673531333,69.52865285450586,0.27380952380952384,1.0,0.0,1.6800000000000002,-1008.3362800851077,severe_shift,SAC direct,0,0,3
0.8106419028804838,2.0647423938868665,1.2767746396178026,2.541192925647368,19.348348109028183,38.01081640317701,0.26136363636363635,1.0,0.0,1.76,-1172.5788241457303,severe_shift,SAC direct,1,1,0
0.810958372930889,2.0811878759822426,1.1527349112945084,2.5006314340402302,19.212034521799485,38.267057064634045,0.2619047619047619,1.0,0.0,1.6800000000000002,-1118.7874967469866,severe_shift,SAC direct,1,1,1
0.7721436442795722,2.064582205712911,1.1945116037689145,2.4053042179233843,19.47541287294467,37.51171143049105,0.25287356321839083,1.0,0.0,1.74,-1089.490306608713,severe_shift,SAC direct,1,1,2
0.8044412030092326,2.0886553116188677,1.074346923657909,2.462207124851501,18.79554594271741,39.68577770400525,0.2682926829268293,1.0,0.0,1.6400000000000001,-1075.19915989861,severe_shift,SAC direct,1,1,3
0.556938875878914,1.52532421937866,3.740458875668301,2.4551558795153294,17.010268480443834,23.99728008945806,0.07936507936507936,1.0,0.0,3.7800000000000002,-1292.56801573961,severe_shift,SAC direct,2,2,0
0.5496844250857691,1.5236654387773516,3.6999100301864445,2.4263454710939536,17.007494058629057,23.602705683828557,0.07936507936507936,1.0,0.0,3.7800000000000002,-1273.7748108016613,severe_shift,SAC direct,2,2,1
0.5454060735665914,1.5226965241316128,3.6811650812342207,2.4160227066091355,17.043714379050716,24.736768932253867,0.07936507936507936,1.0,0.0,3.7800000000000002,-1270.7251795687453,severe_shift,SAC direct,2,2,2
0.5548315204088751,1.5248403031480742,3.727707994761225,2.447905736870748,17.031871190410154,23.997052242056863,0.07936507936507936,1.0,0.0,3.7800000000000002,-1288.3119565992868,severe_shift,SAC direct,2,2,3
0.941366890791991,2.1800784700180875,0.8053121508052994,2.492620646232503,13.718457102102448,77.85806241496036,0.4838709677419355,1.0,0.0,1.24,-985.1194502463563,severe_shift,SAC direct,3,3,0
0.8585271208223598,2.1380457478893464,0.9513339339436134,2.406810737971376,14.404405285910194,68.43134270503081,0.4084507042253521,1.0,0.0,1.4200000000000002,-943.8431451730462,severe_shift,SAC direct,3,3,1
0.9262701494241087,2.1636900900399563,0.8894458913670706,2.514092643402196,14.07920135295145,74.69684043782844,0.45454545454545453,1.0,0.0,1.32,-1007.1475734569818,severe_shift,SAC direct,3,3,2
0.9231130889874485,2.1859614715296307,0.7442245145554597,2.418935466201683,13.681108225489412,76.26336110171111,0.48333333333333334,1.0,0.0,1.2,-936.5343670230566,severe_shift,SAC direct,3,3,3
0.7429085827093765,1.8151691096987648,3.0505816558782968,2.4792896238841684,14.080248802695886,35.24931912177763,0.19718309859154928,1.0,0.0,2.84,-1297.4714455008416,severe_shift,SAC direct,4,4,0
0.7276520207719498,1.8122415216092262,2.9823535819862474,2.4457133925329297,14.052861234235953,34.12499802487813,0.19718309859154928,1.0,0.0,2.84,-1264.4070138297564,severe_shift,SAC direct,4,4,1
0.7234770840172532,1.8114501657842454,2.9609582203863316,2.4383446311905344,13.99760134890489,34.755939325392816,0.19014084507042253,1.0,0.0,2.84,-1254.8978997204379,severe_shift,SAC direct,4,4,2
0.7347884630634726,1.8136039627714273,3.0149027411434823,2.4547978643786195,14.05509756267176,34.73766112674164,0.19718309859154928,1.0,0.0,2.84,-1280.7827532247054,severe_shift,SAC direct,4,4,3
0.8130435453645906,1.5638656829562967,6.178617505962112,2.414066713988786,16.49010457349086,29.37798115379448,0.24615384615384617,1.0,0.0,3.9,-2121.127485864014,severe_shift,TD3 direct,0,0,0
0.8207184490944118,1.56104819426569,6.342635875420192,2.4131282135676186,16.468314703370655,29.169390210069267,0.25,1.0,0.0,3.92,-2165.0006951146406,severe_shift,TD3 direct,0,0,1
0.8347173522493014,1.5604917520392714,6.535461233778706,2.441842136867689,16.423094253796208,28.736314207474805,0.25380710659898476,1.0,0.0,3.94,-2228.736880888272,severe_shift,TD3 direct,0,0,2
0.8258655133648977,1.5628206911952836,6.400752693125291,2.4216837305397685,16.412263887089043,28.525703216940773,0.25,1.0,0.0,3.92,-2181.1516506572693,severe_shift,TD3 direct,0,0,3
0.6379996702901665,1.596316430904041,3.6540370869789762,2.403123634908321,16.7577289941559,42.08807093597643,0.14444444444444443,1.0,0.0,3.6,-1389.6135685323231,severe_shift,TD3 direct,1,1,0
0.6416930446365529,1.5972044259020062,3.6753905779395235,2.401692179775181,16.850769153170155,42.81800577453113,0.14444444444444443,1.0,0.0,3.6,-1405.7378482044478,severe_shift,TD3 direct,1,1,1
0.6572673692200196,1.5954435866242072,3.8030176164954272,2.4541664583025677,16.82067138241655,42.950469003760695,0.14917127071823205,1.0,0.0,3.62,-1456.2319656022023,severe_shift,TD3 direct,1,1,2
0.6558551426738387,1.5950929129041158,3.7910553205701993,2.454189872239914,16.771875129352313,42.62741109501982,0.14917127071823205,1.0,0.0,3.62,-1448.1575377232045,severe_shift,TD3 direct,1,1,3
0.5565044001114848,1.3481892559695605,4.885860022214406,2.508421753916647,16.46539023522131,36.12269359027786,0.08755760368663594,1.0,0.0,4.34,-1456.2225255238477,severe_shift,TD3 direct,2,2,0
0.5341040331087502,1.341619623993972,4.7355742366584614,2.4059256821446557,16.488605965203497,35.48834899634294,0.08294930875576037,1.0,0.0,4.34,-1385.6874198357355,severe_shift,TD3 direct,2,2,1
0.5363361340449656,1.3422635724328498,4.69862797426633,2.430374066831639,16.679089407104833,32.86203432387027,0.08755760368663594,1.0,0.0,4.34,-1399.2501721149172,severe_shift,TD3 direct,2,2,2
0.5548819940669855,1.3477054622984534,4.862642307786839,2.5037060548293533,16.52853451639876,34.297413719250656,0.09216589861751152,1.0,0.0,4.34,-1452.2407477144266,severe_shift,TD3 direct,2,2,3
0.7295608754519234,1.9824960718363507,1.4704558128611587,2.4951336951642893,17.66405798978419,47.41243483679082,0.21904761904761905,1.0,0.0,2.1,-1209.62010639678,severe_shift,TD3 direct,3,3,0
0.74942038640486,1.9937970343899085,1.4617813601603302,2.5057992690520696,17.59198674536529,46.498474858387056,0.23300970873786409,1.0,0.0,2.06,-1209.6056631521967,severe_shift,TD3 direct,3,3,1
0.7420791025341678,2.014519609115248,1.3521068403019252,2.4383184019520967,16.936910403144168,49.144208054263835,0.24489795918367346,1.0,0.0,1.96,-1107.1171119969117,severe_shift,TD3 direct,3,3,2
0.6741240114307862,1.9621415712948727,1.4290220198005898,2.479405750570178,17.951519060908662,55.854376669570684,0.18518518518518517,1.0,0.0,2.16,-1158.9786484435706,severe_shift,TD3 direct,3,3,3
0.9667589731967263,2.064977748741976,1.8039500066658032,2.4724051419224535,12.161715373590958,28.09094682042509,0.3978494623655914,1.0,0.0,1.86,-1312.5734459300584,severe_shift,TD3 direct,4,4,0
0.9461184554936999,2.0541326738418895,1.8392688947207045,2.437094536244447,12.122544754520884,29.27781047573054,0.3894736842105263,1.0,0.0,1.9000000000000001,-1294.1956653529635,severe_shift,TD3 direct,4,4,1
0.963795713935295,2.0723337072136845,1.728516575285837,2.4494361177030957,12.102419503168463,30.473615421904405,0.3956043956043956,1.0,0.0,1.82,-1284.9268545595557,severe_shift,TD3 direct,4,4,2
0.9470928326504212,2.0384319942316136,1.9900182340366908,2.4638160266835394,12.11018573129845,25.744203826376257,0.3838383838383838,1.0,0.0,1.98,-1345.674096739146,severe_shift,TD3 direct,4,4,3
